time,.header.seq,.header.stamp.secs,.header.stamp.nsecs,.header.frame_id,.points,.channels
2018/09/07/15:45:14.360121,5,1536327913,99075752,laser_frame,"[x: 15.7222328186
y: 14.2810707092
z: 0.0, x: 22.8747558594
y: 38.8336257935
z: 0.0, x: 1.50592362881
y: -0.623773992062
z: 0.0, x: 4.169028759
y: -0.585918784142
z: 0.0, x: 0.779992520809
y: 0.00340338097885
z: 0.0, x: 12.6117534637
y: 3.61636209488
z: 0.0, x: 0.769992649555
y: 0.00335974805057
z: 0.0, x: 17.9234752655
y: 21.5506362915
z: 0.0, x: 0.747146010399
y: -0.0653668045998
z: 0.0, x: 0.837410509586
y: -0.0659056380391
z: 0.0, x: 19.5836486816
y: 20.4573478699
z: 0.0, x: 1.13928687572
y: -1.58256936073
z: 0.0, x: 0.747146010399
y: 0.0653668045998
z: 0.0, x: 0.815126180649
y: -0.089270837605
z: 0.0, x: 1.10851252079
y: -0.639999985695
z: 0.0, x: 1.09810459614
y: -1.94089317322
z: 0.0, x: 13.1692714691
y: 5.12124919891
z: 0.0, x: 0.749286174774
y: 0.0327145382762
z: 0.0, x: 1.18903172016
y: -1.0706089735
z: 0.0, x: 16.0062904358
y: 14.6670627594
z: 0.0, x: 0.698874175549
y: 0.0396849513054
z: 0.0, x: 15.6111354828
y: 13.3331689835
z: 0.0, x: 17.8437843323
y: 21.2653942108
z: 0.0, x: 12.6755971909
y: 3.75468301773
z: 0.0, x: 0.716055810452
y: 0.0752604976296
z: 0.0, x: 15.1917715073
y: 11.3442335129
z: 0.0, x: 4.11649608612
y: -0.725849330425
z: 0.0, x: 0.731871724129
y: 0.109378963709
z: 0.0, x: 1.16331923008
y: -1.22588276863
z: 0.0, x: 1.20294368267
y: -1.05495333672
z: 0.0, x: 5.73317050934
y: 4.72606086731
z: 0.0, x: 13.8150053024
y: 7.50093603134
z: 0.0, x: 1.57462394238
y: 2.90009641647
z: 0.0, x: 1.47413754463
y: -0.478976339102
z: 0.0, x: 19.3427143097
y: 20.5619125366
z: 0.0, x: 15.7482452393
y: 14.430606842
z: 0.0, x: 19.9317817688
y: 28.4655342102
z: 0.0, x: 1.13496696949
y: -1.73111224174
z: 0.0, x: 1.28941118717
y: -0.462945878506
z: 0.0, x: 1.23649191856
y: -1.2804248333
z: 0.0, x: 1.59017539024
y: 2.86875271797
z: 0.0, x: 3.44613289833
y: -0.484322398901
z: 0.0, x: 15.8554725647
y: 14.4020967484
z: 0.0, x: 5.12668418884
y: 2.44530296326
z: 0.0, x: 19.4823093414
y: 19.9991512299
z: 0.0, x: 13.6745967865
y: 6.817902565
z: 0.0, x: 1.18918192387
y: -0.757592439651
z: 0.0, x: 1.1885945797
y: -0.618743121624
z: 0.0, x: 3.60675191879
y: -0.49085739255
z: 0.0, x: 17.2343063354
y: 18.8079452515
z: 0.0, x: 4.20372581482
y: -0.553431034088
z: 0.0, x: 15.5430984497
y: 12.4746551514
z: 0.0, x: 0.747937619686
y: -0.0555813647807
z: 0.0, x: 16.2796115875
y: 12.4917850494
z: 0.0, x: 0.728437006474
y: 0.0477442853153
z: 0.0, x: 3.16348266602
y: -0.744901299477
z: 0.0, x: 18.250289917
y: 22.5372333527
z: 0.0, x: 1.22791695595
y: -0.789822697639
z: 0.0, x: 0.977298438549
y: 2.92083668709
z: 0.0, x: 15.7063388824
y: 12.3818788528
z: 0.0, x: 1.16672611237
y: -1.16672623158
z: 0.0, x: 3.84467840195
y: -0.764754116535
z: 0.0, x: 6.05684137344
y: 5.84902334213
z: 0.0, x: 14.1605434418
y: 9.02126121521
z: 0.0, x: 0.945220053196
y: -0.09517865628
z: 0.0, x: 1.17363548279
y: -1.33827483654
z: 0.0, x: 3.38384723663
y: -0.812389910221
z: 0.0, x: 0.696165323257
y: 0.0731699243188
z: 0.0, x: 0.817183732986
y: -0.0679027289152
z: 0.0, x: 0.883366048336
y: -0.108463712037
z: 0.0, x: 0.771273851395
y: 0.170987293124
z: 0.0, x: 14.2519035339
y: 8.81934547424
z: 0.0, x: 1.16702604294
y: -1.20849084854
z: 0.0, x: 21.120256424
y: 32.2137413025
z: 0.0, x: 1.15783333778
y: -1.01539254189
z: 0.0, x: 4.15653562546
y: -0.602669000626
z: 0.0, x: 18.1873588562
y: 22.4595184326
z: 0.0, x: 16.3531742096
y: 15.9305553436
z: 0.0, x: 1.03098714352
y: -2.7212433815
z: 0.0, x: 1.14558196068
y: -0.695156216621
z: 0.0, x: 1.01253437996
y: -2.98283004761
z: 0.0, x: 1.15050029755
y: -1.14050388336
z: 0.0, x: 12.7681035995
y: 3.54090833664
z: 0.0, x: 0.647273182869
y: 0.0594760514796
z: 0.0, x: 1.20115244389
y: -1.07206952572
z: 0.0, x: 16.8385620117
y: 12.3465452194
z: 0.0, x: 13.2398414612
y: 5.21531200409
z: 0.0, x: 19.8480224609
y: 28.0843029022
z: 0.0, x: 12.9812240601
y: 4.53324651718
z: 0.0, x: 3.75256729126
y: -0.814762234688
z: 0.0, x: 0.629786014557
y: 0.11388386786
z: 0.0, x: 1.14344847202
y: -1.5174074173
z: 0.0, x: 1.4743540287
y: 2.86263513565
z: 0.0, x: 1.14532375336
y: -1.45283639431
z: 0.0, x: 12.6947841644
y: 3.58029937744
z: 0.0, x: 1.15939724445
y: -1.24330127239
z: 0.0, x: 20.5254974365
y: 30.1457290649
z: 0.0, x: 14.1574840546
y: 8.93270683289
z: 0.0, x: 1.08022558689
y: -2.05317139626
z: 0.0, x: 1.13071703911
y: -1.33565676212
z: 0.0, x: 1.80258107185
y: -0.533948838711
z: 0.0, x: 13.4583272934
y: 6.13331270218
z: 0.0, x: 5.87186908722
y: 5.14949083328
z: 0.0, x: 1.11494970322
y: -1.56310176849
z: 0.0, x: 1.06864762306
y: -2.45772099495
z: 0.0, x: 1.20188069344
y: -0.897486925125
z: 0.0, x: 4.12853717804
y: -0.653896033764
z: 0.0, x: 1.56985235214
y: 2.89130830765
z: 0.0, x: 0.983636140823
y: -0.112071178854
z: 0.0, x: 0.905124485493
y: 2.87068796158
z: 0.0, x: 1.20581865311
y: -1.06681835651
z: 0.0, x: 5.74088716507
y: 4.732421875
z: 0.0, x: 1.21600365639
y: -0.75248593092
z: 0.0, x: 0.709891855717
y: 0.0123912077397
z: 0.0, x: 1.18173825741
y: -0.939997076988
z: 0.0, x: 0.749742984772
y: 0.0196327120066
z: 0.0, x: 12.3809738159
y: 3.08692336082
z: 0.0, x: 1.27671790123
y: -0.861157000065
z: 0.0, x: 1.14513039589
y: -1.46570003033
z: 0.0, x: 14.0088787079
y: 8.58465099335
z: 0.0, x: 14.1967382431
y: 9.13164806366
z: 0.0, x: 1.26750636101
y: -0.838944256306
z: 0.0, x: 17.755147934
y: 12.0890493393
z: 0.0, x: 5.9700422287
y: 5.51865005493
z: 0.0, x: 0.283432871103
y: -0.748108148575
z: 0.0, x: 0.948127925396
y: 2.96195077896
z: 0.0, x: 6.2032995224
y: 6.42370462418
z: 0.0, x: 3.29326868057
y: -0.715038716793
z: 0.0, x: 1.09411716461
y: -2.14732575417
z: 0.0, x: 1.20782101154
y: -0.837895274162
z: 0.0, x: 0.73361068964
y: 0.155933767557
z: 0.0, x: 1.12272572517
y: -1.984410882
z: 0.0, x: 12.9895992279
y: 4.59985876083
z: 0.0, x: 1.68083512783
y: -0.521913170815
z: 0.0, x: 1.40278768539
y: 2.87614107132
z: 0.0, x: 1.10574579239
y: -0.664399087429
z: 0.0, x: 1.19498443604
y: -1.39914703369
z: 0.0, x: 0.955087125301
y: 2.85445427895
z: 0.0, x: 0.633771538734
y: 0.0890707820654
z: 0.0, x: 1.2014772892
y: -1.2997508049
z: 0.0, x: 13.1289234161
y: 5.3044295311
z: 0.0, x: 1.15617740154
y: 2.97310519218
z: 0.0, x: 5.52049732208
y: 3.90150141716
z: 0.0, x: 1.73091161251
y: -0.529192745686
z: 0.0, x: 0.721012532711
y: 0.114197164774
z: 0.0, x: 1.11973190308
y: -1.88210010529
z: 0.0, x: 3.32258582115
y: -0.721404075623
z: 0.0, x: 18.3528690338
y: 23.4906005859
z: 0.0, x: 15.1393756866
y: 12.3693885803
z: 0.0, x: 0.657965481281
y: 0.0517830066383
z: 0.0, x: 18.1345901489
y: 21.9990177155
z: 0.0, x: 1.11031138897
y: -1.79424309731
z: 0.0, x: 3.35353899002
y: -0.851690411568
z: 0.0, x: 16.2887058258
y: 15.8677549362
z: 0.0, x: 19.4730415344
y: 27.0497627258
z: 0.0, x: 13.8357887268
y: 7.35661935806
z: 0.0, x: 1.24907636642
y: 2.97870922089
z: 0.0, x: 0.679838180542
y: 0.014834121801
z: 0.0, x: 1.16725587845
y: 2.92575025558
z: 0.0, x: 20.4776439667
y: 30.3593559265
z: 0.0, x: 5.67367744446
y: 4.43276262283
z: 0.0, x: 22.1330375671
y: 36.1178398132
z: 0.0, x: 1.13923978806
y: -1.17971718311
z: 0.0, x: 1.07197272778
y: -2.24743723869
z: 0.0, x: 1.21055030823
y: -1.17926585674
z: 0.0, x: 12.8450183868
y: 3.98848414421
z: 0.0, x: 14.0209512711
y: 8.09500026703
z: 0.0, x: 3.17286705971
y: -0.791084587574
z: 0.0, x: 6.31351423264
y: 6.5951833725
z: 0.0, x: 1.19271612167
y: -1.34812021255
z: 0.0, x: 5.52558612823
y: 4.01457309723
z: 0.0, x: 0.79805123806
y: -0.0558051802218
z: 0.0, x: 14.7930660248
y: 10.1669921875
z: 0.0, x: 1.18860864639
y: -0.847826361656
z: 0.0, x: 0.598486542702
y: -0.22674626112
z: 0.0, x: 1.16673743725
y: -1.05053508282
z: 0.0, x: 13.8564062119
y: 8.0
z: 0.0, x: 13.1240787506
y: 5.23597669601
z: 0.0, x: 1.45093512535
y: -0.485476106405
z: 0.0, x: 15.8232555389
y: 12.3624820709
z: 0.0, x: 0.658392310143
y: -0.046039275825
z: 0.0, x: 14.188328743
y: 9.12623977661
z: 0.0, x: 6.27202320099
y: 6.551841259
z: 0.0, x: 19.4498138428
y: 26.7703723907
z: 0.0, x: 17.446100235
y: 19.5467033386
z: 0.0, x: 1.40278768539
y: 2.87614107132
z: 0.0, x: 5.82635784149
y: 5.06477546692
z: 0.0, x: 1.18659460545
y: -0.664524912834
z: 0.0, x: 15.658867836
y: 13.4925441742
z: 0.0, x: 1.52108800411
y: 2.86075019836
z: 0.0, x: 12.3160381317
y: 2.84338140488
z: 0.0, x: 1.16866445541
y: -1.17890775204
z: 0.0, x: 1.06670343876
y: -0.168949231505
z: 0.0, x: 11.2398929596
y: 0.0490435957909
z: 0.0, x: 12.4893426895
y: 1.58884501457
z: 0.0, x: 1.11303520203
y: -1.697660923
z: 0.0, x: 12.6483612061
y: 3.44833922386
z: 0.0, x: 3.3291695118
y: -0.738059103489
z: 0.0, x: 1.07600367069
y: -2.08919024467
z: 0.0, x: 1.13961017132
y: 2.96878576279
z: 0.0, x: 4.33995866776
y: -0.0189367625862
z: 0.0, x: 20.9667339325
y: 31.9795837402
z: 0.0, x: 0.600564777851
y: -0.432344734669
z: 0.0, x: 4.48931598663
y: -0.0783613026142
z: 0.0, x: 14.8873758316
y: 10.5213565826
z: 0.0, x: 1.02559161186
y: -2.47599720955
z: 0.0, x: 1.10319697857
y: -2.16514587402
z: 0.0, x: 11.3173055649
y: 0.246944487095
z: 0.0, x: 16.3331413269
y: 16.4763011932
z: 0.0, x: 0.721262693405
y: -0.486497819424
z: 0.0, x: 4.66272926331
y: 0.906342744827
z: 0.0, x: 0.632732152939
y: -0.521584093571
z: 0.0, x: 4.57935619354
y: 0.807464003563
z: 0.0, x: 13.4279823303
y: 6.549264431
z: 0.0, x: 6.42365407944
y: 7.13419055939
z: 0.0, x: 0.394410759211
y: -0.718915939331
z: 0.0, x: 4.08865690231
y: -0.869070827961
z: 0.0, x: 12.0201673508
y: 1.90380752087
z: 0.0, x: 3.07164406776
y: -0.823044598103
z: 0.0, x: 3.44821333885
y: -0.469281226397
z: 0.0, x: 21.4275074005
y: 33.6344528198
z: 0.0, x: 1.55076599121
y: 2.85615563393
z: 0.0, x: 1.07820248604
y: -2.365899086
z: 0.0, x: 10.9040641785
y: -1.00194275379
z: 0.0, x: 0.438308238983
y: -0.571214437485
z: 0.0, x: 3.94514250755
y: -0.660190403461
z: 0.0, x: 12.2893133163
y: 2.78078794479
z: 0.0, x: 4.13932037354
y: -0.58174353838
z: 0.0, x: 1.18918192387
y: -0.757592439651
z: 0.0, x: 1.51731789112
y: -0.507687449455
z: 0.0, x: 15.9786911011
y: 15.2962694168
z: 0.0, x: 0.974893212318
y: -2.47491073608
z: 0.0, x: 12.2366266251
y: 2.60097527504
z: 0.0, x: 12.0918617249
y: 2.0234837532
z: 0.0, x: 3.27423882484
y: -0.606844305992
z: 0.0, x: 17.8437843323
y: 21.2653942108
z: 0.0, x: 20.6394348145
y: 30.8890972137
z: 0.0, x: 5.61694145203
y: 4.31003093719
z: 0.0, x: 11.4168376923
y: 0.548390030861
z: 0.0, x: 4.35734415054
y: 0.152161806822
z: 0.0, x: 0.55074185133
y: -0.509100556374
z: 0.0, x: 0.643930256367
y: -0.554845809937
z: 0.0, x: 0.697090804577
y: -0.520542383194
z: 0.0, x: 18.3704071045
y: 23.0947666168
z: 0.0, x: 0.672086119652
y: -0.520384728909
z: 0.0, x: 1.26712787151
y: 2.94931983948
z: 0.0, x: 12.2990665436
y: 2.78299474716
z: 0.0, x: 10.5824642181
y: -2.39456725121
z: 0.0, x: 4.26680660248
y: -0.335804969072
z: 0.0, x: 19.5058135986
y: 27.3461399078
z: 0.0, x: 3.26265740395
y: -0.843780577183
z: 0.0, x: 11.4914884567
y: 0.652534008026
z: 0.0, x: 0.560330808163
y: -0.513448536396
z: 0.0, x: 21.2711162567
y: 33.0696525574
z: 0.0, x: 1.46253657341
y: -0.482272267342
z: 0.0, x: 11.5742101669
y: 0.910910129547
z: 0.0, x: 15.1196603775
y: 11.2903862
z: 0.0, x: 4.169028759
y: -0.585918784142
z: 0.0, x: 12.2344293594
y: 1.61069333553
z: 0.0, x: 1.26459050179
y: -0.623627007008
z: 0.0, x: 10.6359243393
y: -1.87540030479
z: 0.0, x: 1.38037765026
y: -0.636362791061
z: 0.0, x: 22.5174655914
y: 37.4753570557
z: 0.0, x: 11.3716812134
y: 0.645730853081
z: 0.0, x: 13.5040893555
y: 6.22547006607
z: 0.0, x: 15.1393756866
y: 12.3693885803
z: 0.0, x: 11.4191217422
y: 0.498569607735
z: 0.0, x: 3.34842467308
y: -0.788449347019
z: 0.0, x: 0.489569813013
y: -0.568173766136
z: 0.0, x: 10.6899204254
y: -2.07790994644
z: 0.0, x: 5.55226802826
y: 3.96039438248
z: 0.0, x: 15.3486328125
y: 12.4290781021
z: 0.0, x: 1.15753448009
y: 2.86499786377
z: 0.0, x: 0.384202450514
y: -0.608924031258
z: 0.0, x: 12.4982872009
y: 3.46608161926
z: 0.0, x: 3.93255114555
y: -0.465448111296
z: 0.0, x: 1.28167104721
y: -0.611325740814
z: 0.0, x: 4.01891851425
y: -0.298657208681
z: 0.0, x: 0.758943200111
y: -0.310491859913
z: 0.0, x: 1.04019713402
y: -2.6748623848
z: 0.0, x: 12.5504159927
y: 3.5395834446
z: 0.0, x: 13.0219106674
y: 5.19521522522
z: 0.0, x: 1.11138534546
y: -0.674405217171
z: 0.0, x: 0.491786599159
y: -0.618260443211
z: 0.0, x: 17.5792751312
y: 19.6959152222
z: 0.0, x: 14.1328544617
y: 8.74567604065
z: 0.0, x: 12.4982872009
y: 3.46608161926
z: 0.0, x: 0.761020421982
y: -0.498946845531
z: 0.0, x: 14.0876369476
y: 8.29825305939
z: 0.0, x: 21.2711162567
y: 33.0696525574
z: 0.0, x: 6.35357475281
y: 6.87325811386
z: 0.0, x: 1.64469468594
y: 2.9069879055
z: 0.0, x: 4.72357845306
y: 0.663855671883
z: 0.0, x: 1.14026296139
y: -0.664981663227
z: 0.0, x: 0.408347666264
y: -0.640977501869
z: 0.0, x: 0.433306843042
y: -0.575017571449
z: 0.0, x: 14.1834125519
y: 9.29905223846
z: 0.0, x: 4.19516324997
y: -0.201508134604
z: 0.0, x: 4.87211894989
y: 0.684731662273
z: 0.0, x: 0.782324075699
y: -0.484116822481
z: 0.0, x: 0.554327726364
y: -0.229610070586
z: 0.0, x: 12.8403024673
y: 4.29630470276
z: 0.0, x: 12.1034631729
y: 2.35267496109
z: 0.0, x: 4.23540353775
y: -0.351934880018
z: 0.0, x: 1.21310651302
y: 2.92869830132
z: 0.0, x: 1.17206847668
y: -0.669892251492
z: 0.0, x: 0.661284565926
y: -0.484873890877
z: 0.0, x: 0.60580509901
y: -0.235584706068
z: 0.0, x: 0.411140590906
y: -0.639189660549
z: 0.0, x: 0.534442722797
y: -0.568129360676
z: 0.0, x: 4.6101732254
y: 0.525262892246
z: 0.0, x: 10.9831800461
y: -0.768018782139
z: 0.0, x: 12.5362205505
y: 3.12563085556
z: 0.0, x: 5.18986558914
y: 2.47543883324
z: 0.0, x: 1.02948069572
y: -2.82847476006
z: 0.0, x: 0.438893973827
y: -0.532420992851
z: 0.0, x: 17.506029129
y: 19.6138496399
z: 0.0, x: 10.9282560349
y: -0.956098496914
z: 0.0, x: 1.48930883408
y: -0.556829750538
z: 0.0, x: 13.1824607849
y: 5.86921024323
z: 0.0, x: 3.19125151634
y: -0.840186417103
z: 0.0, x: 12.96347332
y: 4.40050601959
z: 0.0, x: 1.60224437714
y: -0.505185723305
z: 0.0, x: 13.0219106674
y: 5.19521522522
z: 0.0, x: 1.25955533981
y: -0.655682981014
z: 0.0, x: 4.36850261688
y: 0.114393264055
z: 0.0, x: 4.57265901566
y: 0.500787615776
z: 0.0, x: 4.11962413788
y: -0.707880914211
z: 0.0, x: 12.6138448715
y: 3.14498472214
z: 0.0, x: 5.63704776764
y: 4.13325405121
z: 0.0, x: 21.5830364227
y: 22.3498878479
z: 0.0, x: 19.5116195679
y: 27.3542804718
z: 0.0, x: 4.25683689117
y: -0.335020333529
z: 0.0, x: 1.46397554874
y: 2.9686486721
z: 0.0, x: 0.76115500927
y: -0.480253040791
z: 0.0, x: 1.24124073982
y: -0.625636816025
z: 0.0, x: 0.327502906322
y: -0.573011219501
z: 0.0, x: 4.1806640625
y: -0.40255215764
z: 0.0, x: 11.052195549
y: -0.62758910656
z: 0.0, x: 0.711620569229
y: -0.550995528698
z: 0.0, x: 5.34270334244
y: 3.33849143982
z: 0.0, x: 4.1849770546
y: -0.458329558372
z: 0.0, x: 18.3651828766
y: 23.5063610077
z: 0.0, x: 12.9642295837
y: 5.04151296616
z: 0.0, x: 1.057913661
y: -2.46236038208
z: 0.0, x: 1.53912520409
y: -0.621846914291
z: 0.0, x: 16.3802509308
y: 16.6686630249
z: 0.0, x: 21.1421871185
y: 32.2471961975
z: 0.0, x: 14.1834125519
y: 9.29905223846
z: 0.0, x: 1.08851528168
y: -2.36117219925
z: 0.0, x: 10.8443078995
y: -1.28350841999
z: 0.0, x: 13.7575378418
y: 7.16172122955
z: 0.0, x: 1.4588227272
y: -0.523770868778
z: 0.0, x: 17.4467868805
y: 19.7200031281
z: 0.0, x: 13.659371376
y: 6.73605632782
z: 0.0, x: 1.13248872757
y: 2.87499022484
z: 0.0, x: 3.98459386826
y: -0.666792333126
z: 0.0, x: 1.3692855835
y: 2.9033010006
z: 0.0, x: 12.192360878
y: 2.25972056389
z: 0.0, x: 20.3849620819
y: 29.6603031158
z: 0.0, x: 4.25456142426
y: -0.465950250626
z: 0.0, x: 1.0028911829
y: 2.95442199707
z: 0.0, x: 5.10925960541
y: 1.25022780895
z: 0.0, x: 4.25034189224
y: -0.409261375666
z: 0.0, x: 1.02388775349
y: -2.85176324844
z: 0.0, x: 10.8145160675
y: -1.27998232841
z: 0.0, x: 0.94888651371
y: 2.87758827209
z: 0.0, x: 13.2092447281
y: 5.60699176788
z: 0.0, x: 12.7551488876
y: 4.32978963852
z: 0.0, x: 12.5862531662
y: 3.66855835915
z: 0.0, x: 1.18588352203
y: -0.623923480511
z: 0.0, x: 23.5008144379
y: 41.1178970337
z: 0.0, x: 15.8702774048
y: 14.4155445099
z: 0.0, x: 0.577891170979
y: -0.553210496902
z: 0.0, x: 3.39031291008
y: -0.582562327385
z: 0.0, x: 13.7161560059
y: 6.91351222992
z: 0.0, x: 4.3673377037
y: 0.152510792017
z: 0.0, x: 1.35604703426
y: 2.97557330132
z: 0.0, x: 0.405184745789
y: -0.654771208763
z: 0.0, x: 15.7879867554
y: 13.9680309296
z: 0.0, x: 1.14677751064
y: 2.98745727539
z: 0.0, x: 0.674350380898
y: -0.5174472332
z: 0.0, x: 4.99702310562
y: 1.24589776993
z: 0.0, x: 16.3405666351
y: 16.0578308105
z: 0.0, x: 12.821231842
y: 4.41470432281
z: 0.0, x: 11.2182912827
y: 0.195816010237
z: 0.0, x: 0.45657107234
y: -0.595014989376
z: 0.0, x: 0.49053645134
y: -0.200683757663
z: 0.0, x: 4.1730017662
y: -0.475453466177
z: 0.0, x: 1.72362840176
y: -0.518753290176
z: 0.0, x: 1.24556767941
y: -0.594105303288
z: 0.0, x: 2.9487092495
y: -0.817749381065
z: 0.0, x: 0.555828809738
y: -0.518318712711
z: 0.0, x: 13.15995121
y: 5.11762475967
z: 0.0, x: 0.418106168509
y: -0.586163163185
z: 0.0, x: 1.32189404964
y: 2.96902275085
z: 0.0, x: 1.09386885166
y: -2.05726766586
z: 0.0, x: 20.6810798645
y: 31.2457027435
z: 0.0, x: 15.8735733032
y: 14.2926301956
z: 0.0, x: 1.03852546215
y: 2.9738805294
z: 0.0, x: 5.75631952286
y: 4.74514341354
z: 0.0, x: 1.11230123043
y: -2.07009315491
z: 0.0, x: 0.780279278755
y: -0.38479116559
z: 0.0, x: 5.77114534378
y: 4.63183355331
z: 0.0, x: 21.2627067566
y: 32.7416992188
z: 0.0, x: 14.8471593857
y: 10.2998418808
z: 0.0, x: 0.627008318901
y: -0.463961780071
z: 0.0, x: 12.1721763611
y: 2.36603140831
z: 0.0, x: 4.42995786667
y: 0.0193294584751
z: 0.0, x: 12.0314855576
y: 1.95945179462
z: 0.0, x: 14.2677869797
y: 9.44364261627
z: 0.0, x: 10.8941059113
y: -1.00102770329
z: 0.0, x: 4.27592658997
y: -0.186690986156
z: 0.0, x: 1.05500996113
y: 3.02108502388
z: 0.0, x: 1.18536651134
y: -1.26008176804
z: 0.0, x: 10.9522542953
y: -0.910062193871
z: 0.0, x: 1.000233531
y: -2.78588104248
z: 0.0, x: 0.53693574667
y: -0.310000002384
z: 0.0, x: 13.6703062057
y: 7.57757425308
z: 0.0, x: 1.06499803066
y: -2.28389573097
z: 0.0, x: 1.19124913216
y: 2.94844460487
z: 0.0, x: 1.04266870022
y: -2.16167593002
z: 0.0, x: 1.08612883091
y: -2.32921099663
z: 0.0, x: 1.26184415817
y: -0.950867712498
z: 0.0, x: 13.3740558624
y: 6.52296257019
z: 0.0, x: 18.3808994293
y: 23.3160610199
z: 0.0, x: 12.7442932129
y: 1.56480240822
z: 0.0, x: 5.63281440735
y: 4.20622205734
z: 0.0, x: 1.3819617033
y: 2.96362638474
z: 0.0, x: 13.4010190964
y: 6.53611373901
z: 0.0, x: 1.16900646687
y: -1.36873066425
z: 0.0, x: 5.17369556427
y: 1.36212038994
z: 0.0, x: 12.9254045486
y: 4.26215934753
z: 0.0, x: 14.272649765
y: 8.91854095459
z: 0.0, x: 1.57078301907
y: 2.83376789093
z: 0.0, x: 13.022354126
y: 5.32758617401
z: 0.0, x: 24.1664447784
y: 16.3004722595
z: 0.0, x: 0.62090754509
y: -0.323224008083
z: 0.0, x: 17.2946395874
y: 19.7207584381
z: 0.0, x: 12.4746284485
y: 2.82272028923
z: 0.0, x: 4.57685518265
y: 0.460865050554
z: 0.0, x: 1.26184415817
y: -0.950867712498
z: 0.0, x: 14.2846479416
y: 9.54469680786
z: 0.0, x: 1.05789041519
y: -2.24304890633
z: 0.0, x: 1.22450721264
y: -0.757748126984
z: 0.0, x: 1.18557560444
y: -1.57331204414
z: 0.0, x: 4.5044760704
y: 0.374293088913
z: 0.0, x: 0.643674194813
y: -0.090462513268
z: 0.0, x: 15.8958673477
y: 14.3127031326
z: 0.0, x: 20.4005393982
y: 30.5315647125
z: 0.0, x: 0.60708719492
y: -0.168360173702
z: 0.0, x: 12.0413551331
y: 1.96105921268
z: 0.0, x: 1.22077703476
y: -1.30912315845
z: 0.0, x: 1.06368267536
y: 2.92244386673
z: 0.0, x: 5.13692378998
y: 1.30461251736
z: 0.0, x: 1.11981713772
y: -1.74095070362
z: 0.0, x: 4.99702310562
y: 1.24589776993
z: 0.0, x: 15.2230672836
y: 12.6608915329
z: 0.0, x: 12.8718624115
y: 3.93532299995
z: 0.0, x: 1.01151931286
y: -3.06752824783
z: 0.0, x: 0.738605797291
y: -0.130236133933
z: 0.0, x: 0.951914072037
y: 2.84497094154
z: 0.0, x: 1.24406886101
y: -1.05318212509
z: 0.0, x: 4.59609079361
y: 0.769121825695
z: 0.0, x: 1.52108800411
y: 2.86075019836
z: 0.0, x: 11.2598934174
y: -0.0491308644414
z: 0.0, x: 5.90194272995
y: 5.17586421967
z: 0.0, x: 0.683846831322
y: -0.375171244144
z: 0.0, x: 0.642944872379
y: -0.324070900679
z: 0.0, x: 12.0938596725
y: 2.18692612648
z: 0.0, x: 5.82635784149
y: 5.06477546692
z: 0.0, x: 18.4180450439
y: 23.3631782532
z: 0.0, x: 1.22053658962
y: -0.854628920555
z: 0.0, x: 15.9517002106
y: 14.4895038605
z: 0.0, x: 16.0082302094
y: 14.7978553772
z: 0.0, x: 4.15710115433
y: -0.436928957701
z: 0.0, x: 1.15394484997
y: 3.00612902641
z: 0.0, x: 1.10051774979
y: -1.98538672924
z: 0.0, x: 0.977298438549
y: 2.92083668709
z: 0.0, x: 1.17348599434
y: -0.726175248623
z: 0.0, x: 12.415848732
y: 3.15322399139
z: 0.0, x: 13.5018415451
y: 6.80548858643
z: 0.0, x: 5.07646799088
y: 1.17199492455
z: 0.0, x: 13.796957016
y: 7.2589302063
z: 0.0, x: 14.1750507355
y: 9.29357051849
z: 0.0, x: 1.03817653656
y: -2.41642093658
z: 0.0, x: 1.01681542397
y: -2.68383789062
z: 0.0, x: 1.24060940742
y: -1.26245319843
z: 0.0, x: 15.1740751266
y: 11.4344854355
z: 0.0, x: 12.5144004822
y: 3.00444197655
z: 0.0, x: 19.4825839996
y: 27.3135738373
z: 0.0, x: 15.7377519608
y: 12.4066429138
z: 0.0, x: 22.1564311981
y: 17.9419250488
z: 0.0, x: 12.8490514755
y: 4.48708963394
z: 0.0, x: 21.7152404785
y: 22.2913169861
z: 0.0, x: 1.20524573326
y: -1.35036385059
z: 0.0, x: 0.640010535717
y: -0.351121813059
z: 0.0, x: 11.3098926544
y: 0.0493490286171
z: 0.0, x: 15.8735733032
y: 14.2926301956
z: 0.0, x: 13.2479019165
y: 5.96774482727
z: 0.0]","[name: "intensities"
values: [100.0, 100.0, 100.0, 100.0, 100.0, 100.0, 100.0, 100.0, 100.0, 100.0, 100.0, 100.0, 100.0, 100.0, 100.0, 100.0, 100.0, 100.0, 100.0, 100.0, 100.0, 100.0, 100.0, 100.0, 100.0, 100.0, 100.0, 100.0, 100.0, 100.0, 100.0, 100.0, 100.0, 100.0, 100.0, 100.0, 100.0, 100.0, 100.0, 100.0, 100.0, 100.0, 100.0, 100.0, 100.0, 100.0, 100.0, 100.0, 100.0, 100.0, 100.0, 100.0, 100.0, 100.0, 100.0, 100.0, 100.0, 100.0, 100.0, 100.0, 100.0, 100.0, 100.0, 100.0, 100.0, 100.0, 100.0, 100.0, 100.0, 100.0, 100.0, 100.0, 100.0, 100.0, 100.0, 100.0, 100.0, 100.0, 100.0, 100.0, 100.0, 100.0, 100.0, 100.0, 100.0, 100.0, 100.0, 100.0, 100.0, 100.0, 100.0, 100.0, 100.0, 100.0, 100.0, 100.0, 100.0, 100.0, 100.0, 100.0, 100.0, 100.0, 100.0, 100.0, 100.0, 100.0, 100.0, 100.0, 100.0, 100.0, 100.0, 100.0, 100.0, 100.0, 100.0, 100.0, 100.0, 100.0, 100.0, 100.0, 100.0, 100.0, 100.0, 100.0, 100.0, 100.0, 100.0, 100.0, 100.0, 100.0, 100.0, 100.0, 100.0, 100.0, 100.0, 100.0, 100.0, 100.0, 100.0, 100.0, 100.0, 100.0, 100.0, 100.0, 100.0, 100.0, 100.0, 100.0, 100.0, 100.0, 100.0, 100.0, 100.0, 100.0, 100.0, 100.0, 100.0, 100.0, 100.0, 100.0, 100.0, 100.0, 100.0, 100.0, 100.0, 100.0, 100.0, 100.0, 100.0, 100.0, 100.0, 100.0, 100.0, 100.0, 100.0, 100.0, 100.0, 100.0, 100.0, 100.0, 100.0, 100.0, 100.0, 100.0, 100.0, 100.0, 100.0, 100.0, 100.0, 100.0, 100.0, 100.0, 100.0, 100.0, 100.0, 100.0, 100.0, 100.0, 100.0, 100.0, 100.0, 100.0, 100.0, 100.0, 100.0, 100.0, 100.0, 100.0, 100.0, 100.0, 100.0, 100.0, 100.0, 100.0, 100.0, 100.0, 100.0, 100.0, 100.0, 100.0, 100.0, 100.0, 100.0, 100.0, 100.0, 100.0, 100.0, 100.0, 100.0, 100.0, 100.0, 100.0, 100.0, 100.0, 100.0, 100.0, 100.0, 100.0, 100.0, 100.0, 100.0, 100.0, 100.0, 100.0, 100.0, 100.0, 100.0, 100.0, 100.0, 100.0, 100.0, 100.0, 100.0, 100.0, 100.0, 100.0, 100.0, 100.0, 100.0, 100.0, 100.0, 100.0, 100.0, 100.0, 100.0, 100.0, 100.0, 100.0, 100.0, 100.0, 100.0, 100.0, 100.0, 100.0, 100.0, 100.0, 100.0, 100.0, 100.0, 100.0, 100.0, 100.0, 100.0, 100.0, 100.0, 100.0, 100.0, 100.0, 100.0, 100.0, 100.0, 100.0, 100.0, 100.0, 100.0, 100.0, 100.0, 100.0, 100.0, 100.0, 100.0, 100.0, 100.0, 100.0, 100.0, 100.0, 100.0, 100.0, 100.0, 100.0, 100.0, 100.0, 100.0, 100.0, 100.0, 100.0, 100.0, 100.0, 100.0, 100.0, 100.0, 100.0, 100.0, 100.0, 100.0, 100.0, 100.0, 100.0, 100.0, 100.0, 100.0, 100.0, 100.0, 100.0, 100.0, 100.0, 100.0, 100.0, 100.0, 100.0, 100.0, 100.0, 100.0, 100.0, 100.0, 100.0, 100.0, 100.0, 100.0, 100.0, 100.0, 100.0, 100.0, 100.0, 100.0, 100.0, 100.0, 100.0, 100.0, 100.0, 100.0, 100.0, 100.0, 100.0, 100.0, 100.0, 100.0, 100.0, 100.0, 100.0, 100.0, 100.0, 100.0, 100.0, 100.0, 100.0, 100.0, 100.0, 100.0, 100.0, 100.0, 100.0, 100.0, 100.0, 100.0, 100.0, 100.0, 100.0, 100.0, 100.0, 100.0, 100.0, 100.0, 100.0, 100.0, 100.0, 100.0, 100.0, 100.0, 100.0, 100.0, 100.0, 100.0, 100.0, 100.0, 100.0, 100.0, 100.0, 100.0, 100.0, 100.0, 100.0, 100.0, 100.0, 100.0, 100.0, 100.0, 100.0, 100.0, 100.0, 100.0, 100.0, 100.0, 100.0, 100.0, 100.0, 100.0, 100.0, 100.0, 100.0, 100.0, 100.0, 100.0, 100.0, 100.0, 100.0, 100.0, 100.0, 100.0, 100.0, 100.0, 100.0, 100.0, 100.0, 100.0, 100.0, 100.0, 100.0, 100.0, 100.0, 100.0, 100.0, 100.0, 100.0, 100.0, 100.0, 100.0, 100.0, 100.0, 100.0, 100.0, 100.0, 100.0, 100.0, 100.0, 100.0, 100.0, 100.0, 100.0, 100.0, 100.0, 100.0, 100.0, 100.0, 100.0, 100.0, 100.0, 100.0, 100.0, 100.0, 100.0, 100.0, 100.0, 100.0, 100.0, 100.0, 100.0, 100.0, 100.0, 100.0, 100.0, 100.0, 100.0, 100.0, 100.0, 100.0, 100.0, 100.0, 100.0, 100.0]]"
2018/09/07/15:45:35.947674,6,1536327935,799098377,laser_frame,"[x: 4.07204914093
y: -0.626748323441
z: 0.0, x: 1.09810459614
y: -1.94089317322
z: 0.0, x: 1.19795334339
y: -0.902722537518
z: 0.0, x: 17.9723415375
y: 21.4186019897
z: 0.0, x: 13.0103359222
y: 4.47981786728
z: 0.0, x: 13.2498092651
y: 6.10824537277
z: 0.0, x: 10.7658023834
y: -1.70513570309
z: 0.0, x: 14.9282083511
y: 10.5502138138
z: 0.0, x: 3.97629642487
y: -0.330404758453
z: 0.0, x: 0.581707298756
y: -0.290028572083
z: 0.0, x: 0.653381228447
y: -0.347408950329
z: 0.0, x: 11.9312753677
y: 1.88972842693
z: 0.0, x: 1.16752111912
y: -1.54935288429
z: 0.0, x: 12.9724111557
y: 4.21499204636
z: 0.0, x: 1.19912409782
y: -1.14791166782
z: 0.0, x: 1.19400298595
y: -0.907940983772
z: 0.0, x: 15.519701004
y: 12.4558763504
z: 0.0, x: 13.1199464798
y: 4.970703125
z: 0.0, x: 23.5405101776
y: 41.1873512268
z: 0.0, x: 1.12217009068
y: -1.08366703987
z: 0.0, x: 0.76693880558
y: -0.142143711448
z: 0.0, x: 12.8274927139
y: 4.04449272156
z: 0.0, x: 13.1387147903
y: 5.64483737946
z: 0.0, x: 1.01712942123
y: -2.8329398632
z: 0.0, x: 4.18557500839
y: -0.347794443369
z: 0.0, x: 12.4637947083
y: 3.51515364647
z: 0.0, x: 0.59960603714
y: -0.298952549696
z: 0.0, x: 17.3012332916
y: 19.7282772064
z: 0.0, x: 1.08917415142
y: -2.04843831062
z: 0.0, x: 18.4513339996
y: 23.1965045929
z: 0.0, x: 13.9239454269
y: 7.71816921234
z: 0.0, x: 13.0502414703
y: 4.81448793411
z: 0.0, x: 0.61789470911
y: -0.122906908393
z: 0.0, x: 14.9618005753
y: 12.3335561752
z: 0.0, x: 11.4268255234
y: 0.548869788647
z: 0.0, x: 16.2351703644
y: 16.2351722717
z: 0.0, x: 1.21353960037
y: -1.02733719349
z: 0.0, x: 1.17053592205
y: -1.44549155235
z: 0.0, x: 5.17569303513
y: 1.31445860863
z: 0.0, x: 13.4401283264
y: 6.12501907349
z: 0.0, x: 12.2186002731
y: 2.8208861351
z: 0.0, x: 10.9522542953
y: -0.910062193871
z: 0.0, x: 0.597214281559
y: -0.256583482027
z: 0.0, x: 4.35298776627
y: -0.247180551291
z: 0.0, x: 5.81052350998
y: 5.00666761398
z: 0.0, x: 1.08190274239
y: -2.32014799118
z: 0.0, x: 12.5762376785
y: 3.25243616104
z: 0.0, x: 0.653657972813
y: -0.187433406711
z: 0.0, x: 12.1706647873
y: 2.47614979744
z: 0.0, x: 0.651487886906
y: -0.156408399343
z: 0.0, x: 0.512837529182
y: -0.169108465314
z: 0.0, x: 19.4295940399
y: 20.119934082
z: 0.0, x: 19.5841751099
y: 26.709444046
z: 0.0, x: 4.44551277161
y: 0.467242211103
z: 0.0, x: 1.20188069344
y: -0.897486925125
z: 0.0, x: 0.598310470581
y: -0.197293207049
z: 0.0, x: 12.1430864334
y: 2.30543684959
z: 0.0, x: 0.398129791021
y: -0.36481872201
z: 0.0, x: 18.215587616
y: 22.2947654724
z: 0.0, x: 4.67495012283
y: 0.719543635845
z: 0.0, x: 19.6019153595
y: 26.7336387634
z: 0.0, x: 21.0611896515
y: 32.431388855
z: 0.0, x: 1.55248856544
y: 2.88932156563
z: 0.0, x: 12.123380661
y: 2.19226431847
z: 0.0, x: 1.0509210825
y: 2.92705726624
z: 0.0, x: 15.6654930115
y: 14.1052732468
z: 0.0, x: 1.1977763176
y: -0.935805439949
z: 0.0, x: 15.9729785919
y: 12.4794588089
z: 0.0, x: 1.13473558426
y: -0.88655257225
z: 0.0, x: 1.39801180363
y: -0.543657064438
z: 0.0, x: 14.2774143219
y: 8.83513259888
z: 0.0, x: 12.1234378815
y: 2.30170655251
z: 0.0, x: 1.08671414852
y: -1.90135550499
z: 0.0, x: 5.96535778046
y: 5.61164855957
z: 0.0, x: 1.15003037453
y: -1.7211420536
z: 0.0, x: 1.20046317577
y: -0.848403394222
z: 0.0, x: 4.46768093109
y: 0.332006037235
z: 0.0, x: 20.928352356
y: 31.9210414886
z: 0.0, x: 1.13473558426
y: -0.88655257225
z: 0.0, x: 1.2614941597
y: -0.883307695389
z: 0.0, x: 17.5091190338
y: 20.5005435944
z: 0.0, x: 1.09264683723
y: 2.92241716385
z: 0.0, x: 15.7063388824
y: 12.3818788528
z: 0.0, x: 23.3045806885
y: 39.9610290527
z: 0.0, x: 14.8589954376
y: 10.212305069
z: 0.0, x: 17.9486637115
y: 12.1065254211
z: 0.0, x: 17.5526409149
y: 19.6660728455
z: 0.0, x: 16.485200882
y: 12.5356378555
z: 0.0, x: 12.9921894073
y: 5.05238580704
z: 0.0, x: 1.40278768539
y: 2.87614107132
z: 0.0, x: 12.0927734375
y: 2.07791852951
z: 0.0, x: 1.04128372669
y: -2.54523634911
z: 0.0, x: 1.22353410721
y: -1.09204590321
z: 0.0, x: 10.880068779
y: -1.14354133606
z: 0.0, x: 3.15857744217
y: -0.846338272095
z: 0.0, x: 1.1697306633
y: -1.14949119091
z: 0.0, x: 3.12216258049
y: -0.865852296352
z: 0.0, x: 1.17674469948
y: -1.42750549316
z: 0.0, x: 6.04017972946
y: 5.48651313782
z: 0.0, x: 1.31777453423
y: -0.628546237946
z: 0.0, x: 15.9913377762
y: 13.6578931808
z: 0.0, x: 16.9254322052
y: 16.6325759888
z: 0.0, x: 1.12529730797
y: -1.2067335844
z: 0.0, x: 11.0090827942
y: -1.0600540638
z: 0.0, x: 4.30196094513
y: -0.263119190931
z: 0.0, x: 0.629115819931
y: -0.28339600563
z: 0.0, x: 12.3873186111
y: 2.46399092674
z: 0.0, x: 17.9449424744
y: 19.0760364532
z: 0.0, x: 1.07383310795
y: -1.13158392906
z: 0.0, x: 11.5460424423
y: 0.30234375596
z: 0.0, x: 14.3350162506
y: 7.94602918625
z: 0.0, x: 14.1526517868
y: 6.97931528091
z: 0.0, x: 4.11866044998
y: -0.652331769466
z: 0.0, x: 17.0346889496
y: 11.707616806
z: 0.0, x: 15.3938579559
y: 11.3908567429
z: 0.0, x: 6.37980651855
y: 5.44886922836
z: 0.0, x: 16.3668785095
y: 12.5587472916
z: 0.0, x: 16.485200882
y: 12.5356378555
z: 0.0, x: 16.9669437408
y: 13.8625736237
z: 0.0, x: 11.8389854431
y: 0.154980823398
z: 0.0, x: 1.55999982357
y: 2.70199918747
z: 0.0, x: 0.823687374592
y: -2.39216208458
z: 0.0, x: 1.44597256184
y: 2.71947836876
z: 0.0, x: 6.07543468475
y: 4.13661623001
z: 0.0, x: 13.238574028
y: 2.93492126465
z: 0.0, x: 10.4613542557
y: -2.55987715721
z: 0.0, x: 0.968208253384
y: -1.06591415405
z: 0.0, x: 3.96866488457
y: -1.21334254742
z: 0.0, x: 0.767071008682
y: -2.13646960258
z: 0.0, x: 17.0937862396
y: 9.67119884491
z: 0.0, x: 14.8568534851
y: 6.38300800323
z: 0.0, x: 0.825770020485
y: -1.4745182991
z: 0.0, x: 6.93434858322
y: 5.46659946442
z: 0.0, x: 11.0414886475
y: -1.55177998543
z: 0.0, x: 12.2505483627
y: 0.481325358152
z: 0.0, x: 0.889116704464
y: -1.31816983223
z: 0.0, x: 1.29583859444
y: 2.71678161621
z: 0.0, x: 12.3782081604
y: -0.540444195271
z: 0.0, x: 1.14071393013
y: -0.828777194023
z: 0.0, x: 0.796119570732
y: -1.61437094212
z: 0.0, x: 12.1898832321
y: -0.0531887374818
z: 0.0, x: 0.998090863228
y: 2.66951560974
z: 0.0, x: 6.38371133804
y: 3.39427947998
z: 0.0, x: 3.72705698013
y: -1.33815014362
z: 0.0, x: 0.439481914043
y: -0.492397874594
z: 0.0, x: 14.7690057755
y: 3.95734333992
z: 0.0, x: 25.2534446716
y: 12.7287845612
z: 0.0, x: 2.51181173325
y: -1.58483505249
z: 0.0, x: 0.699999928474
y: -1.21243560314
z: 0.0, x: 3.17946481705
y: -1.53359174728
z: 0.0, x: 1.11372756958
y: 2.65593886375
z: 0.0, x: 4.12820386887
y: -1.01016497612
z: 0.0, x: 10.381114006
y: -3.32302069664
z: 0.0, x: 22.9113616943
y: 16.6460781097
z: 0.0, x: 28.6753082275
y: -18.2681865692
z: 0.0, x: 1.33495330811
y: 4.10856437683
z: 0.0, x: 35.1081161499
y: 36.6744194031
z: 0.0, x: 14.6498737335
y: 2.98055052757
z: 0.0, x: 0.525328874588
y: -1.6167961359
z: 0.0, x: 0.352765798569
y: -0.581340074539
z: 0.0, x: 14.7538566589
y: 2.86785912514
z: 0.0, x: 12.4931945801
y: -0.818847239017
z: 0.0, x: 4.32659101486
y: -0.74344432354
z: 0.0, x: 12.3574113846
y: -1.02682173252
z: 0.0, x: 15.9068193436
y: 4.71181488037
z: 0.0, x: 10.2433662415
y: -3.57714366913
z: 0.0, x: 10.5605487823
y: -3.07811927795
z: 0.0, x: 0.879460394382
y: -1.07640576363
z: 0.0, x: 9.47328948975
y: -4.62043190002
z: 0.0, x: 11.9143714905
y: -1.25225102901
z: 0.0, x: 0.938885211945
y: -1.16982674599
z: 0.0, x: 3.43160605431
y: -1.76739323139
z: 0.0, x: 10.5065908432
y: -3.01271629333
z: 0.0, x: 2.24048280716
y: -1.96485054493
z: 0.0, x: 6.16438341141
y: 2.24365210533
z: 0.0, x: 1.25818395615
y: 2.36629962921
z: 0.0, x: 0.967709600925
y: 2.48846101761
z: 0.0, x: 0.896443128586
y: 2.42991542816
z: 0.0, x: 13.6728792191
y: 1.13612866402
z: 0.0, x: 13.7375249863
y: 1.2018777132
z: 0.0, x: 1.11502385139
y: 2.33769583702
z: 0.0, x: 0.964011013508
y: -1.4844468832
z: 0.0, x: 5.16813611984
y: 0.864849388599
z: 0.0, x: 5.67578315735
y: 1.5740339756
z: 0.0, x: 2.46443510056
y: -1.97791814804
z: 0.0, x: 11.7713851929
y: -1.81178951263
z: 0.0, x: 0.505142152309
y: -1.21952104568
z: 0.0, x: 17.8913078308
y: 6.60045194626
z: 0.0, x: 1.54349970818
y: 2.02980494499
z: 0.0, x: 14.5285921097
y: 1.71957218647
z: 0.0, x: 0.59203761816
y: -1.34550786018
z: 0.0, x: 10.9934501648
y: -2.74097514153
z: 0.0, x: 2.01921820641
y: -2.10930275917
z: 0.0, x: 31.5996131897
y: 23.3824863434
z: 0.0, x: 16.7459373474
y: 4.09770488739
z: 0.0, x: 0.447824299335
y: -1.35806965828
z: 0.0, x: 10.9135398865
y: -2.77168631554
z: 0.0, x: 10.0855569839
y: -3.72075819969
z: 0.0, x: 1.28067481518
y: 2.02974677086
z: 0.0, x: 28.8083324432
y: 18.7083511353
z: 0.0, x: 3.28616261482
y: -1.65636229515
z: 0.0, x: 1.20905745029
y: -2.07320547104
z: 0.0, x: 1.61583507061
y: -2.04967713356
z: 0.0, x: 29.268157959
y: 18.8259105682
z: 0.0, x: 9.41744422913
y: -4.34150123596
z: 0.0, x: 1.40197753906
y: 1.8106790781
z: 0.0, x: 15.1096191406
y: 1.98921918869
z: 0.0, x: 3.27295899391
y: -1.32236123085
z: 0.0, x: 1.90288281441
y: -2.2279894352
z: 0.0, x: 12.9288921356
y: -0.169248476624
z: 0.0, x: 11.0493564606
y: -2.55094504356
z: 0.0, x: 15.4181241989
y: 15.2841587067
z: 0.0, x: 1.16226291656
y: 1.97313070297
z: 0.0, x: 15.3133840561
y: 2.97662043571
z: 0.0, x: 14.8055677414
y: 2.21270680428
z: 0.0, x: 12.9298772812
y: 0.0564175881445
z: 0.0, x: 20.2959747314
y: -19.2601604462
z: 0.0, x: 29.1411037445
y: 20.0281238556
z: 0.0, x: 22.8241958618
y: 12.135840416
z: 0.0, x: 1.65521097183
y: -2.4539513588
z: 0.0, x: 1.25057065487
y: -2.27948951721
z: 0.0, x: 1.36719167233
y: -2.18796396255
z: 0.0, x: 8.92713165283
y: -4.16278982162
z: 0.0, x: 5.62951374054
y: 2.13283205032
z: 0.0, x: 13.4483356476
y: 0.763651847839
z: 0.0, x: 40.5581741333
y: 34.3350296021
z: 0.0, x: 2.71314334869
y: -1.45782458782
z: 0.0, x: 0.741803884506
y: -2.12420034409
z: 0.0, x: 1.7297192812
y: 3.08863568306
z: 0.0, x: 11.7432994843
y: -4.56671905518
z: 0.0, x: 2.25551939011
y: -1.97803735733
z: 0.0, x: 15.669549942
y: 3.47385573387
z: 0.0, x: 2.34965443611
y: -2.00679445267
z: 0.0, x: 21.8176345825
y: 11.6006422043
z: 0.0, x: 1.50318074226
y: 3.11641597748
z: 0.0, x: 12.4198818207
y: -0.0541923008859
z: 0.0, x: 14.1204328537
y: 15.9602460861
z: 0.0, x: 1.90834438801
y: 3.23972558975
z: 0.0, x: 14.6012487411
y: 15.5215854645
z: 0.0, x: 12.5380897522
y: 0.21885317564
z: 0.0, x: 0.735935032368
y: -2.23179292679
z: 0.0, x: 8.17686080933
y: -4.81653928757
z: 0.0, x: 5.09437894821
y: 1.87941551208
z: 0.0, x: 2.08150005341
y: -1.85780978203
z: 0.0, x: 1.80854833126
y: 3.10116958618
z: 0.0, x: 5.84216117859
y: 2.84941244125
z: 0.0, x: 1.67666435242
y: -2.20492553711
z: 0.0, x: 11.5314207077
y: -1.05958878994
z: 0.0, x: 18.0048561096
y: 4.82438707352
z: 0.0, x: 7.38737869263
y: -5.5667886734
z: 0.0, x: 1.32860457897
y: -2.49874162674
z: 0.0, x: 12.6306333542
y: 16.9144687653
z: 0.0, x: 11.5012311935
y: -1.25958967209
z: 0.0, x: 6.7457985878
y: -6.7457985878
z: 0.0, x: 3.1012904644
y: -1.09822463989
z: 0.0, x: 10.3142433167
y: -2.57162976265
z: 0.0, x: 1.28959345818
y: -2.32648849487
z: 0.0, x: 26.1895313263
y: -68.22605896
z: 0.0, x: 4.75224637985
y: 1.38515353203
z: 0.0, x: 10.0807876587
y: -3.17846012115
z: 0.0, x: 1.24252486229
y: 2.92720556259
z: 0.0, x: 19.4288730621
y: 6.21923160553
z: 0.0, x: 30.109834671
y: 16.8623199463
z: 0.0, x: 10.2172861099
y: -3.07505440712
z: 0.0, x: 1.29321181774
y: 2.77330183983
z: 0.0, x: 10.1318807602
y: -5.79084634781
z: 0.0, x: 19.7094421387
y: 6.0257806778
z: 0.0, x: 7.20318174362
y: -5.57729959488
z: 0.0, x: 1.89511942863
y: -1.52099406719
z: 0.0, x: 11.2788963318
y: -2.19239521027
z: 0.0, x: 22.5165920258
y: 8.30680942535
z: 0.0, x: 23.9339618683
y: 9.30740833282
z: 0.0, x: 5.12968540192
y: 1.51948213577
z: 0.0, x: 5.26067781448
y: -7.24070215225
z: 0.0, x: 4.01598739624
y: 0.439822167158
z: 0.0, x: 16.5447692871
y: 2.91728925705
z: 0.0, x: 0.800384283066
y: -2.35785603523
z: 0.0, x: 1.24037075043
y: 2.75352144241
z: 0.0, x: 4.22108888626
y: 0.574464976788
z: 0.0, x: 13.9952030182
y: -0.366477280855
z: 0.0, x: 17.7015552521
y: 2.72452974319
z: 0.0, x: 5.72163772583
y: -6.69917678833
z: 0.0, x: 6.18940591812
y: -6.40931749344
z: 0.0, x: 8.4008846283
y: -4.94849920273
z: 0.0, x: 25.7714309692
y: 2.36806178093
z: 0.0, x: 11.1983919144
y: -2.94829058647
z: 0.0, x: 4.72919178009
y: 0.622609972954
z: 0.0, x: 24.186416626
y: 5.91837835312
z: 0.0, x: 1.14179825783
y: 2.53469848633
z: 0.0, x: 3.74197101593
y: -0.245261743665
z: 0.0, x: 14.3384256363
y: 15.1095476151
z: 0.0, x: 12.0308980942
y: -3.27999949455
z: 0.0, x: 8.9523267746
y: -5.27332401276
z: 0.0, x: 15.1494188309
y: -1.65913116932
z: 0.0, x: 1.79773163795
y: 2.30099153519
z: 0.0, x: 27.0069255829
y: 2.24410247803
z: 0.0, x: 27.3341712952
y: -3.96326637268
z: 0.0, x: 2.94698524475
y: -0.929180920124
z: 0.0, x: 13.4955615997
y: -2.93017363548
z: 0.0, x: 3.279712677
y: 3.84005022049
z: 0.0, x: 0.799607813358
y: 2.3897755146
z: 0.0, x: 4.82005548477
y: -7.42223501205
z: 0.0, x: 17.8447170258
y: -3.14650511742
z: 0.0, x: 0.754001379013
y: 2.3205780983
z: 0.0, x: 18.6588954926
y: 7.63355636597
z: 0.0, x: 9.18293476105
y: -5.62730979919
z: 0.0, x: 39.5192260742
y: 8.5804643631
z: 0.0, x: 3.25867724419
y: -0.934410631657
z: 0.0, x: 1.3542842865
y: 2.06562685966
z: 0.0, x: 0.888752579689
y: 2.3152794838
z: 0.0, x: 4.44500017166
y: -7.69896650314
z: 0.0, x: 8.7354593277
y: -6.23094272614
z: 0.0, x: 18.161283493
y: 8.08592414856
z: 0.0, x: 1.12650096416
y: 2.09651994705
z: 0.0, x: 6.20691299438
y: 4.80590581894
z: 0.0, x: 10.6346960068
y: -5.83439397812
z: 0.0, x: 12.4589357376
y: -5.22446489334
z: 0.0, x: 1.29153251648
y: 1.95129275322
z: 0.0, x: 11.5311412811
y: -6.00273180008
z: 0.0, x: 37.0008583069
y: 2.26306939125
z: 0.0, x: 1.3645131588
y: 1.70014822483
z: 0.0, x: 14.526512146
y: -5.57620573044
z: 0.0, x: 1.29445135593
y: 1.90115630627
z: 0.0, x: 18.8105144501
y: 5.75095129013
z: 0.0, x: 6.20951223373
y: -7.8767285347
z: 0.0, x: 4.46577358246
y: 3.24457454681
z: 0.0, x: 6.95180416107
y: -7.78883886337
z: 0.0, x: 2.00667715073
y: -1.66893577576
z: 0.0, x: 4.33581924438
y: -8.32903194427
z: 0.0, x: 17.8204193115
y: 9.57525634766
z: 0.0, x: 0.725082695484
y: 1.99214828014
z: 0.0, x: 13.9088392258
y: -6.63417625427
z: 0.0, x: 39.8713951111
y: -1.21818125248
z: 0.0, x: 10.6796102524
y: 5.55945301056
z: 0.0, x: 1.23128306866
y: 1.66398370266
z: 0.0, x: 21.926940918
y: -5.26419305801
z: 0.0, x: 18.6002902985
y: 5.95399999619
z: 0.0, x: 25.1019001007
y: -7.43552207947
z: 0.0, x: 5.12977933884
y: -8.53738594055
z: 0.0, x: 6.3616399765
y: -8.36598110199
z: 0.0, x: 32.6589393616
y: -4.44468641281
z: 0.0, x: 2.74348425865
y: -1.81587278843
z: 0.0, x: 39.8855247498
y: -3.840539217
z: 0.0, x: 3.97575807571
y: -8.82585716248
z: 0.0, x: 0.908835589886
y: 1.62284255028
z: 0.0, x: 2.0916018486
y: -2.03754806519
z: 0.0, x: 0.289140999317
y: 0.681173622608
z: 0.0, x: 18.5761146545
y: 6.12548398972
z: 0.0, x: 13.7318210602
y: -8.2509098053
z: 0.0, x: 7.50598669052
y: 2.88127827644
z: 0.0, x: 33.5113830566
y: -6.36233472824
z: 0.0, x: 17.7418575287
y: -7.62250375748
z: 0.0, x: 0.974366188049
y: 1.19256460667
z: 0.0, x: 0.629317104816
y: 1.72903442383
z: 0.0, x: 1.24123704433
y: 1.33106374741
z: 0.0, x: 1.85704433918
y: 1.6285841465
z: 0.0, x: 5.83397340775
y: -8.81417274475
z: 0.0, x: 1.6253464222
y: -2.08034849167
z: 0.0, x: 24.3865413666
y: -7.68904733658
z: 0.0, x: 1.54241919518
y: -2.14255547523
z: 0.0, x: 18.8582572937
y: -0.905827045441
z: 0.0, x: 17.221326828
y: -8.21415233612
z: 0.0, x: 0.241890802979
y: 0.614075601101
z: 0.0, x: 3.89266681671
y: 2.13559031487
z: 0.0, x: 1.4970344305
y: -2.13798666
z: 0.0, x: 18.6813011169
y: 1.71657037735
z: 0.0, x: 27.60962677
y: -8.57301712036
z: 0.0, x: 1.98244512081
y: 1.61972558498
z: 0.0, x: 0.430720925331
y: 0.801610589027
z: 0.0, x: 0.760502338409
y: 1.12749111652
z: 0.0, x: 4.50645542145
y: -9.23960208893
z: 0.0, x: 18.5936260223
y: -0.486891269684
z: 0.0, x: 2.07160663605
y: 1.60400927067
z: 0.0, x: 4.95565748215
y: -9.22292613983
z: 0.0, x: 8.95506763458
y: -9.03355789185
z: 0.0, x: 0.668291687965
y: 1.0799472332
z: 0.0, x: 1.64488244057
y: 1.52051365376
z: 0.0, x: 12.4614524841
y: -11.5192480087
z: 0.0, x: 0.676997482777
y: 1.0626732111
z: 0.0, x: 18.455499649
y: 4.5160317421
z: 0.0, x: 12.5642824173
y: -9.29708099365
z: 0.0, x: 18.3704071045
y: 1.04314720631
z: 0.0, x: 18.0378837585
y: -18.5164051056
z: 0.0, x: 2.26524758339
y: 1.64579868317
z: 0.0, x: 4.00665044785
y: -9.32573032379
z: 0.0, x: 18.2905349731
y: 1.03861188889
z: 0.0, x: 6.11774301529
y: 2.16640639305
z: 0.0, x: 2.22188258171
y: -2.2610039711
z: 0.0, x: 7.54555130005
y: -9.31797981262
z: 0.0, x: 18.2408618927
y: 1.19556927681
z: 0.0, x: 0.849982917309
y: 1.28418409824
z: 0.0, x: 14.7917795181
y: -9.33291721344
z: 0.0, x: 1.17353928089
y: 1.55733931065
z: 0.0, x: 0.231960341334
y: 0.59648501873
z: 0.0, x: 18.0478019714
y: -1.49965667725
z: 0.0, x: 17.9738388062
y: 0.470661520958
z: 0.0, x: 0.748461663723
y: -2.26978087425
z: 0.0, x: 1.04868018627
y: 1.58438301086
z: 0.0, x: 17.9371204376
y: 3.08216118813
z: 0.0, x: 1.43784701824
y: -2.21409034729
z: 0.0, x: 19.0031757355
y: -14.0616111755
z: 0.0, x: 17.8911781311
y: -1.01593470573
z: 0.0, x: 1.99905955791
y: 1.79996144772
z: 0.0, x: 1.7181404829
y: -2.1599984169
z: 0.0, x: 2.06004118919
y: 1.80660748482
z: 0.0, x: 1.20154201984
y: 1.62379086018
z: 0.0, x: 13.3226337433
y: -8.98622989655
z: 0.0, x: 30.4039611816
y: -8.57480335236
z: 0.0, x: 3.36792874336
y: 2.0638692379
z: 0.0, x: 1.70711934566
y: 1.79892849922
z: 0.0, x: 44.2397384644
y: -8.3991765976
z: 0.0, x: 1.45963263512
y: -2.24763727188
z: 0.0, x: 0.277091741562
y: 0.771764338017
z: 0.0, x: 1.66932570934
y: -2.23549818993
z: 0.0, x: 17.5621967316
y: 4.54189300537
z: 0.0, x: 17.4949626923
y: 5.01660013199
z: 0.0, x: 4.74800109863
y: 2.55119299889
z: 0.0, x: 1.334633708
y: 1.7237033844
z: 0.0, x: 2.14221668243
y: -2.1990468502
z: 0.0, x: 21.514875412
y: -11.8034648895
z: 0.0, x: 1.33658337593
y: -2.1598944664
z: 0.0, x: 6.09159803391
y: 2.46116542816
z: 0.0, x: 8.19312477112
y: -8.86327266693
z: 0.0, x: 18.2272052765
y: -14.3691692352
z: 0.0, x: 17.2841625214
y: 5.20194244385
z: 0.0, x: 17.2084388733
y: 5.92534065247
z: 0.0, x: 0.692041933537
y: -2.16193842888
z: 0.0, x: 63.8667984009
y: -7.27670240402
z: 0.0, x: 12.5129556656
y: -8.92540454865
z: 0.0, x: 17.0982761383
y: 5.72100305557
z: 0.0, x: 17.249835968
y: 0.0752670839429
z: 0.0, x: 37.1722183228
y: -8.58188247681
z: 0.0, x: 17.1391143799
y: 1.9527554512
z: 0.0, x: 17.0610904694
y: 1.64279615879
z: 0.0, x: 14.5101032257
y: -9.06691932678
z: 0.0, x: 10.8509931564
y: -9.26762390137
z: 0.0, x: 17.0144004822
y: 5.52831411362
z: 0.0, x: 4.29730653763
y: 2.6333925724
z: 0.0, x: 14.5355434418
y: -9.08281612396
z: 0.0, x: 36.3636283875
y: -9.40427303314
z: 0.0, x: 1.24610459805
y: 1.71511602402
z: 0.0, x: 1.07459914684
y: 1.68678295612
z: 0.0, x: 0.724701046944
y: -2.29845786095
z: 0.0, x: 1.84779131413
y: 1.913443923
z: 0.0, x: 6.69761419296
y: 3.12314891815
z: 0.0, x: 4.13464593887
y: 2.68507051468
z: 0.0, x: 4.27134084702
y: -9.37260150909
z: 0.0, x: 40.2362174988
y: -10.40579319
z: 0.0, x: 16.7974395752
y: -0.293200403452
z: 0.0, x: 11.6556415558
y: -9.69389533997
z: 0.0, x: 42.8405342102
y: -11.0793151855
z: 0.0, x: 6.04051589966
y: -9.57363891602
z: 0.0, x: 3.17134666443
y: -2.30411839485
z: 0.0, x: 23.7430458069
y: -10.5710859299
z: 0.0, x: 2.3211979866
y: 2.20273470879
z: 0.0, x: 3.99955844879
y: 2.33247351646
z: 0.0, x: 16.8727207184
y: 2.89926362038
z: 0.0, x: 19.1142711639
y: -10.378203392
z: 0.0, x: 4.2837972641
y: -9.50967884064
z: 0.0, x: 20.6479053497
y: -13.5373601913
z: 0.0, x: 1.55356824398
y: 1.80300474167
z: 0.0, x: 3.93263459206
y: 2.48130750656
z: 0.0, x: 1.43132007122
y: 2.02527117729
z: 0.0, x: 26.6025905609
y: -11.2921295166
z: 0.0, x: 16.7318840027
y: 2.95028233528
z: 0.0, x: 46.6782569885
y: -12.9450263977
z: 0.0, x: 4.15189218521
y: 1.98035109043
z: 0.0, x: 2.39010071754
y: -2.43218398094
z: 0.0, x: 3.23016190529
y: -9.65393543243
z: 0.0, x: 16.6922702789
y: -10.9439325333
z: 0.0, x: 9.19775009155
y: -9.95007038116
z: 0.0, x: 27.6218509674
y: -12.0103225708
z: 0.0, x: 61.9788589478
y: -14.8798084259
z: 0.0, x: 16.7314777374
y: -10.8655490875
z: 0.0, x: 0.682904303074
y: 1.82651078701
z: 0.0, x: 1.41093289852
y: 1.72689557076
z: 0.0, x: 16.7201900482
y: 3.86016011238
z: 0.0, x: 16.7458877563
y: 3.55944848061
z: 0.0, x: 16.7396774292
y: 3.86465907097
z: 0.0, x: 16.0792484283
y: -1.9742834568
z: 0.0, x: 1.84821557999
y: 1.98196852207
z: 0.0, x: 15.1917715073
y: -11.3442335129
z: 0.0, x: 8.66749000549
y: -12.8500823975
z: 0.0, x: 8.42259311676
y: 2.29626250267
z: 0.0, x: 3.48886942863
y: 2.26569843292
z: 0.0, x: 16.1224765778
y: -0.492586195469
z: 0.0, x: 11.5738143921
y: -10.8875579834
z: 0.0, x: 30.1013240814
y: -13.4019727707
z: 0.0, x: 8.36346530914
y: -13.0024633408
z: 0.0, x: 16.0775947571
y: -0.631690442562
z: 0.0, x: 3.43854928017
y: 2.23302006721
z: 0.0, x: 10.4556770325
y: -10.9221429825
z: 0.0, x: 3.81661868095
y: -9.94263076782
z: 0.0, x: 15.3935470581
y: -3.98104190826
z: 0.0, x: 8.21957302094
y: 2.12572622299
z: 0.0, x: 8.55011463165
y: -10.653222084
z: 0.0, x: 9.12758350372
y: -10.877831459
z: 0.0, x: 16.0
y: 0.0
z: 0.0, x: 15.396188736
y: -3.41325283051
z: 0.0, x: 16.5445232391
y: 3.59216809273
z: 0.0]","[name: "intensities"
values: [100.0, 100.0, 100.0, 100.0, 100.0, 100.0, 100.0, 100.0, 100.0, 100.0, 100.0, 100.0, 100.0, 100.0, 100.0, 100.0, 100.0, 100.0, 100.0, 100.0, 100.0, 100.0, 100.0, 100.0, 100.0, 100.0, 100.0, 100.0, 100.0, 100.0, 100.0, 100.0, 100.0, 100.0, 100.0, 100.0, 100.0, 100.0, 100.0, 100.0, 100.0, 100.0, 100.0, 100.0, 100.0, 100.0, 100.0, 100.0, 100.0, 100.0, 100.0, 100.0, 100.0, 100.0, 100.0, 100.0, 100.0, 100.0, 100.0, 100.0, 100.0, 100.0, 100.0, 100.0, 100.0, 100.0, 100.0, 100.0, 100.0, 100.0, 100.0, 100.0, 100.0, 100.0, 100.0, 100.0, 100.0, 100.0, 100.0, 100.0, 100.0, 100.0, 100.0, 100.0, 100.0, 100.0, 100.0, 100.0, 100.0, 100.0, 100.0, 100.0, 100.0, 100.0, 100.0, 100.0, 100.0, 100.0, 100.0, 100.0, 100.0, 100.0, 100.0, 100.0, 100.0, 100.0, 100.0, 100.0, 100.0, 100.0, 100.0, 100.0, 100.0, 100.0, 100.0, 100.0, 100.0, 100.0, 100.0, 100.0, 100.0, 100.0, 100.0, 100.0, 100.0, 100.0, 100.0, 100.0, 100.0, 100.0, 100.0, 100.0, 100.0, 100.0, 100.0, 100.0, 100.0, 100.0, 100.0, 100.0, 100.0, 100.0, 100.0, 100.0, 100.0, 100.0, 100.0, 100.0, 100.0, 100.0, 100.0, 100.0, 100.0, 100.0, 100.0, 100.0, 100.0, 100.0, 100.0, 100.0, 100.0, 100.0, 100.0, 100.0, 100.0, 100.0, 100.0, 100.0, 100.0, 100.0, 100.0, 100.0, 100.0, 100.0, 100.0, 100.0, 100.0, 100.0, 100.0, 100.0, 100.0, 100.0, 100.0, 100.0, 100.0, 100.0, 100.0, 100.0, 100.0, 100.0, 100.0, 100.0, 100.0, 100.0, 100.0, 100.0, 100.0, 100.0, 100.0, 100.0, 100.0, 100.0, 100.0, 100.0, 100.0, 100.0, 100.0, 100.0, 100.0, 100.0, 100.0, 100.0, 100.0, 100.0, 100.0, 100.0, 100.0, 100.0, 100.0, 100.0, 100.0, 100.0, 100.0, 100.0, 100.0, 100.0, 100.0, 100.0, 100.0, 100.0, 100.0, 100.0, 100.0, 100.0, 100.0, 100.0, 100.0, 100.0, 100.0, 100.0, 100.0, 100.0, 100.0, 100.0, 100.0, 100.0, 100.0, 100.0, 100.0, 100.0, 100.0, 100.0, 100.0, 100.0, 100.0, 100.0, 100.0, 100.0, 100.0, 100.0, 100.0, 100.0, 100.0, 100.0, 100.0, 100.0, 100.0, 100.0, 100.0, 100.0, 100.0, 100.0, 100.0, 100.0, 100.0, 100.0, 100.0, 100.0, 100.0, 100.0, 100.0, 100.0, 100.0, 100.0, 100.0, 100.0, 100.0, 100.0, 100.0, 100.0, 100.0, 100.0, 100.0, 100.0, 100.0, 100.0, 100.0, 100.0, 100.0, 100.0, 100.0, 100.0, 100.0, 100.0, 100.0, 100.0, 100.0, 100.0, 100.0, 100.0, 100.0, 100.0, 100.0, 100.0, 100.0, 100.0, 100.0, 100.0, 100.0, 100.0, 100.0, 100.0, 100.0, 100.0, 100.0, 100.0, 100.0, 100.0, 100.0, 100.0, 100.0, 100.0, 100.0, 100.0, 100.0, 100.0, 100.0, 100.0, 100.0, 100.0, 100.0, 100.0, 100.0, 100.0, 100.0, 100.0, 100.0, 100.0, 100.0, 100.0, 100.0, 100.0, 100.0, 100.0, 100.0, 100.0, 100.0, 100.0, 100.0, 100.0, 100.0, 100.0, 100.0, 100.0, 100.0, 100.0, 100.0, 100.0, 100.0, 100.0, 100.0, 100.0, 100.0, 100.0, 100.0, 100.0, 100.0, 100.0, 100.0, 100.0, 100.0, 100.0, 100.0, 100.0, 100.0, 100.0, 100.0, 100.0, 100.0, 100.0, 100.0, 100.0, 100.0, 100.0, 100.0, 100.0, 100.0, 100.0, 100.0, 100.0, 100.0, 100.0, 100.0, 100.0, 100.0, 100.0, 100.0, 100.0, 100.0, 100.0, 100.0, 100.0, 100.0, 100.0, 100.0, 100.0, 100.0, 100.0, 100.0, 100.0, 100.0, 100.0, 100.0, 100.0, 100.0, 100.0, 100.0, 100.0, 100.0, 100.0, 100.0, 100.0, 100.0, 100.0, 100.0, 100.0, 100.0, 100.0, 100.0, 100.0, 100.0, 100.0, 100.0, 100.0, 100.0, 100.0, 100.0, 100.0, 100.0, 100.0, 100.0, 100.0, 100.0, 100.0, 100.0, 100.0, 100.0, 100.0, 100.0, 100.0, 100.0, 100.0, 100.0, 100.0, 100.0, 100.0, 100.0, 100.0, 100.0, 100.0, 100.0, 100.0, 100.0, 100.0, 100.0, 100.0, 100.0, 100.0, 100.0, 100.0, 100.0, 100.0, 100.0, 100.0, 100.0, 100.0, 100.0, 100.0, 100.0, 100.0, 100.0, 100.0, 100.0, 100.0, 100.0, 100.0, 100.0, 100.0, 100.0, 100.0]]"
2018/09/07/15:45:58.289887,7,1536327958,174028273,laser_frame,"[x: 5.96495580673
y: 1.99584615231
z: 0.0, x: 9.59472560883
y: 7.83921909332
z: 0.0, x: 3.23838162422
y: 1.850887537
z: 0.0, x: 1.22530007362
y: 1.85122656822
z: 0.0, x: 16.1098957062
y: 0.985323369503
z: 0.0, x: 58.4888153076
y: -22.4517536163
z: 0.0, x: 15.5070505142
y: -2.11041688919
z: 0.0, x: 1.92783069611
y: 1.86168444157
z: 0.0, x: 5.85076093674
y: 1.76087927818
z: 0.0, x: 7.31802034378
y: -11.4869918823
z: 0.0, x: 15.2966241837
y: -3.11213326454
z: 0.0, x: 7.49545717239
y: -10.8046569824
z: 0.0, x: 0.226746290922
y: 0.598486483097
z: 0.0, x: 16.0088481903
y: 1.40059268475
z: 0.0, x: 15.1710691452
y: -3.22471046448
z: 0.0, x: 15.4021120071
y: -1.55091106892
z: 0.0, x: 3.00074052811
y: 1.82089412212
z: 0.0, x: 7.73325681686
y: 1.92811751366
z: 0.0, x: 3.18980336189
y: 1.62528598309
z: 0.0, x: 14.6473836899
y: -13.1885643005
z: 0.0, x: 14.6697149277
y: -4.4849820137
z: 0.0, x: 7.64111566544
y: 2.08320736885
z: 0.0, x: 8.54655265808
y: -11.0380268097
z: 0.0, x: 15.0243463516
y: -3.1935236454
z: 0.0, x: 0.895794272423
y: 1.89935576916
z: 0.0, x: 25.6074924469
y: -13.7594032288
z: 0.0, x: 15.2854375839
y: -0.667376637459
z: 0.0, x: 2.72223448753
y: 1.70104086399
z: 0.0, x: 0.989007711411
y: 1.92027711868
z: 0.0, x: 15.8335132599
y: 3.65545463562
z: 0.0, x: 2.45734834671
y: 2.29151439667
z: 0.0, x: 7.74113130569
y: -10.654753685
z: 0.0, x: 2.52411055565
y: 1.86774373055
z: 0.0, x: 0.681850552559
y: 1.84823691845
z: 0.0, x: 14.3010511398
y: 7.13024091721
z: 0.0, x: 10.8991394043
y: -11.091044426
z: 0.0, x: 15.4297580719
y: 2.79015493393
z: 0.0, x: 4.9979186058
y: 2.04470252991
z: 0.0, x: 9.42756843567
y: -10.8451766968
z: 0.0, x: 9.07221794128
y: 14.5185842514
z: 0.0, x: 0.856594264507
y: 1.99377691746
z: 0.0, x: 4.87833309174
y: 2.17197370529
z: 0.0, x: 14.5763015747
y: -13.4741954803
z: 0.0, x: 14.6270475388
y: -2.12082099915
z: 0.0, x: 15.3645029068
y: 3.97353053093
z: 0.0, x: 7.1101231575
y: 18.0501003265
z: 0.0, x: 18.1656036377
y: -11.7968816757
z: 0.0, x: 59.9533157349
y: -19.1912078857
z: 0.0, x: 8.75747776031
y: 17.1875171661
z: 0.0, x: 7.86614751816
y: 9.04896736145
z: 0.0, x: 2.20701909065
y: 1.80321013927
z: 0.0, x: 21.9966850281
y: -12.1929616928
z: 0.0, x: 1.22417068481
y: 2.09912037849
z: 0.0, x: 7.60016679764
y: 4.61189460754
z: 0.0, x: 23.09790802
y: -12.281375885
z: 0.0, x: 1.29579627514
y: 2.11454772949
z: 0.0, x: 25.5339660645
y: -12.5919589996
z: 0.0, x: 25.7324733734
y: -12.5505657196
z: 0.0, x: 14.8734579086
y: 3.22934412956
z: 0.0, x: 8.96688652039
y: -10.6863203049
z: 0.0, x: 3.31298732758
y: 2.27695298195
z: 0.0, x: 14.578245163
y: 1.72544908524
z: 0.0, x: 4.4849820137
y: 2.18747186661
z: 0.0, x: 8.42262268066
y: -10.5886878967
z: 0.0, x: 14.8745241165
y: 4.83302593231
z: 0.0, x: 20.6633663177
y: -11.9300003052
z: 0.0, x: 26.9536895752
y: -12.4258213043
z: 0.0, x: 4.61237192154
y: -10.2390880585
z: 0.0, x: 1.60477483273
y: 1.79799830914
z: 0.0, x: 29.3488883972
y: -12.0069475174
z: 0.0, x: 7.17493724823
y: 5.75849580765
z: 0.0, x: 4.07730340958
y: 2.37781310081
z: 0.0, x: 6.29892683029
y: 2.48121333122
z: 0.0, x: 18.0125408173
y: -11.255484581
z: 0.0, x: 14.3323659897
y: 1.75979328156
z: 0.0, x: 13.7875404358
y: -2.80510663986
z: 0.0, x: 14.016664505
y: -0.305844694376
z: 0.0, x: 14.5378017426
y: 4.86428022385
z: 0.0, x: 18.2230491638
y: -11.2767648697
z: 0.0, x: 6.65426301956
y: -11.6425457001
z: 0.0, x: 1.45911765099
y: 1.86758542061
z: 0.0, x: 14.0402469635
y: -12.9786710739
z: 0.0, x: 14.3973579407
y: 5.02778244019
z: 0.0, x: 9.34294319153
y: -10.5602760315
z: 0.0, x: 13.9365367889
y: -11.1852531433
z: 0.0, x: 1.01096773148
y: 2.14355874062
z: 0.0, x: 6.87248086929
y: -10.1888713837
z: 0.0, x: 6.22800016403
y: 2.35957837105
z: 0.0, x: 2.77548193932
y: 2.37048530579
z: 0.0, x: 13.7298688889
y: 0.059908233583
z: 0.0, x: 4.52825403214
y: 2.53594446182
z: 0.0, x: 0.939760386944
y: 1.84438335896
z: 0.0, x: 5.92992162704
y: 3.2870092392
z: 0.0, x: 1.23109018803
y: 1.7259247303
z: 0.0, x: 14.1705646515
y: 5.15766382217
z: 0.0, x: 7.41557741165
y: -10.3962554932
z: 0.0, x: 13.8225793839
y: 1.88117039204
z: 0.0, x: 12.6897859573
y: 7.17953538895
z: 0.0, x: 5.94536828995
y: 2.34194278717
z: 0.0, x: 2.04034352303
y: 2.3471467495
z: 0.0, x: 1.33643305302
y: 1.90862417221
z: 0.0, x: 21.2869262695
y: -11.6784076691
z: 0.0, x: 0.679162621498
y: 1.94482338428
z: 0.0, x: 13.7610635757
y: 3.62298560143
z: 0.0, x: 2.76978421211
y: 2.40773677826
z: 0.0, x: 12.3301067352
y: 7.63010215759
z: 0.0, x: 6.30312013626
y: 9.52297592163
z: 0.0, x: 13.3772563934
y: -0.584063589573
z: 0.0, x: 2.11750364304
y: 2.37246251106
z: 0.0, x: 5.40648555756
y: 2.57876133919
z: 0.0, x: 13.0967473984
y: -2.07432103157
z: 0.0, x: 13.3454256058
y: 0.349462270737
z: 0.0, x: 24.0826835632
y: -12.007183075
z: 0.0, x: 15.9592084885
y: -15.5467720032
z: 0.0, x: 12.9653806686
y: -1.19135117531
z: 0.0, x: 3.61179065704
y: -10.1993808746
z: 0.0, x: 7.30736398697
y: -10.4359970093
z: 0.0, x: 13.0182914734
y: -1.36827766895
z: 0.0, x: 13.059923172
y: 0.513125777245
z: 0.0, x: 12.7235383987
y: -3.76888394356
z: 0.0, x: 35.1258811951
y: -12.9586219788
z: 0.0, x: 3.39833331108
y: -10.1565465927
z: 0.0, x: 7.15371084213
y: -10.4087142944
z: 0.0, x: 12.7128095627
y: -1.73013734818
z: 0.0, x: 17.9463443756
y: -11.323299408
z: 0.0, x: 2.7245016098
y: 2.36837291718
z: 0.0, x: 3.49996972084
y: 2.56628394127
z: 0.0, x: 10.4079208374
y: -10.9676599503
z: 0.0, x: 13.1479024887
y: 5.64878463745
z: 0.0, x: 12.6528511047
y: -0.829311728477
z: 0.0, x: 17.8039932251
y: -11.3423948288
z: 0.0, x: 12.8884353638
y: -12.665430069
z: 0.0, x: 16.3070068359
y: -14.8122415543
z: 0.0, x: 3.06417775154
y: 2.57115030289
z: 0.0, x: 12.1599597931
y: -3.48681235313
z: 0.0, x: 12.7846736908
y: -11.31092453
z: 0.0, x: 12.5266542435
y: 1.26136767864
z: 0.0, x: 12.5011396408
y: 1.31392276287
z: 0.0, x: 7.03476572037
y: -10.2356472015
z: 0.0, x: 12.7092905045
y: 3.88561987877
z: 0.0, x: 14.4626302719
y: -10.7997589111
z: 0.0, x: 1.49361050129
y: 2.4857852459
z: 0.0, x: 4.42844343185
y: 2.68724536896
z: 0.0, x: 4.58677434921
y: 2.59507226944
z: 0.0, x: 8.72913551331
y: -10.3112707138
z: 0.0, x: 4.31076669693
y: 2.79944467545
z: 0.0, x: 12.2810325623
y: 2.94841504097
z: 0.0, x: 4.7215013504
y: 9.26646709442
z: 0.0, x: 4.92512798309
y: 5.10011911392
z: 0.0, x: 3.56710004807
y: 2.8885807991
z: 0.0, x: 1.93586134911
y: 2.52286362648
z: 0.0, x: 5.36557769775
y: -13.6213140488
z: 0.0, x: 16.1360168457
y: -16.2774486542
z: 0.0, x: 4.02987146378
y: 2.87447953224
z: 0.0, x: 1.20868813992
y: 2.59204030037
z: 0.0, x: 5.28237199783
y: -11.0747213364
z: 0.0, x: 12.0114412308
y: 3.38757658005
z: 0.0, x: 26.1779346466
y: 13.7728776932
z: 0.0, x: 11.7318525314
y: -1.59663498402
z: 0.0, x: 3.89097213745
y: 2.72448801994
z: 0.0, x: 11.5415077209
y: -10.3011894226
z: 0.0, x: 12.5686864853
y: -9.99758529663
z: 0.0, x: 5.23579645157
y: -12.3347654343
z: 0.0, x: 29.116689682
y: 17.3226108551
z: 0.0, x: 3.70930981636
y: 3.14016270638
z: 0.0, x: 37.3268508911
y: -11.0567178726
z: 0.0, x: 11.5103321075
y: -0.95643478632
z: 0.0, x: 11.5595598221
y: 0.100878752768
z: 0.0, x: 21.9869785309
y: -10.4872512817
z: 0.0, x: 1.54659557343
y: 2.52381491661
z: 0.0, x: 13.6458921432
y: -11.9671258926
z: 0.0, x: 11.3547010422
y: -0.346917510033
z: 0.0, x: 15.6784391403
y: -16.2354984283
z: 0.0, x: 3.92747473717
y: 6.10594320297
z: 0.0, x: 11.4083528519
y: 4.37925672531
z: 0.0, x: 3.40118360519
y: 3.40118360519
z: 0.0, x: 6.99763250351
y: -9.9936542511
z: 0.0, x: 1.72753679752
y: 2.76463675499
z: 0.0, x: 3.25221896172
y: 3.30948185921
z: 0.0, x: 11.0006380081
y: -2.53969740868
z: 0.0, x: 11.371544838
y: 4.94448852539
z: 0.0, x: 2.76813912392
y: 2.94261884689
z: 0.0, x: 4.91263771057
y: -9.85322761536
z: 0.0, x: 11.0895776749
y: -0.0967772826552
z: 0.0, x: 25.3861999512
y: -10.9067726135
z: 0.0, x: 1.69967103004
y: 2.74663758278
z: 0.0, x: 3.75401163101
y: 2.77782249451
z: 0.0, x: 3.65702915192
y: 4.68078374863
z: 0.0, x: 0.862157285213
y: 2.65344762802
z: 0.0, x: 10.8884086609
y: -0.952612280846
z: 0.0, x: 22.445400238
y: -10.8263759613
z: 0.0, x: 0.875571548939
y: 2.40561294556
z: 0.0, x: 4.24666070938
y: -11.0629281998
z: 0.0, x: 4.14998912811
y: -10.1439237595
z: 0.0, x: 2.99395561218
y: 3.50547146797
z: 0.0, x: 10.8759374619
y: 2.41113734245
z: 0.0, x: 7.3089632988
y: -10.1527910233
z: 0.0, x: 19.6954498291
y: 11.4860458374
z: 0.0, x: 2.83159351349
y: 3.31537008286
z: 0.0, x: 7.33817625046
y: -10.1933698654
z: 0.0, x: 10.8555936813
y: 4.77657556534
z: 0.0, x: 10.6090908051
y: 0.138880610466
z: 0.0, x: 10.6362133026
y: 1.07101035118
z: 0.0, x: 3.15954399109
y: 5.94223737717
z: 0.0, x: 10.5283956528
y: 0.183773830533
z: 0.0, x: 2.48653197289
y: 3.04336309433
z: 0.0, x: 7.13368844986
y: -9.90931797028
z: 0.0, x: 1.49362885952
y: 2.93141150475
z: 0.0, x: 10.3404817581
y: -1.82330584526
z: 0.0, x: 10.4574680328
y: 3.24713015556
z: 0.0, x: 10.4205265045
y: 0.637346744537
z: 0.0, x: 25.074754715
y: -9.87720775604
z: 0.0, x: 4.01052236557
y: -9.68225669861
z: 0.0, x: 2.4848253727
y: 2.80858397484
z: 0.0, x: 10.3264598846
y: 0.270407885313
z: 0.0, x: 7.67114210129
y: -9.81861400604
z: 0.0, x: 1.40767669678
y: 2.98470187187
z: 0.0, x: 10.2116012573
y: 3.51613616943
z: 0.0, x: 2.57931423187
y: 5.72586584091
z: 0.0, x: 10.1325616837
y: 2.7150118351
z: 0.0, x: 6.51683855057
y: -9.7531375885
z: 0.0, x: 2.05028533936
y: 3.44621992111
z: 0.0, x: 10.0296182632
y: -0.0875271484256
z: 0.0, x: 26.0301208496
y: -9.73226356506
z: 0.0, x: 10.0517072678
y: 10.4088468552
z: 0.0, x: 10.0455760956
y: 2.13525319099
z: 0.0, x: 3.89332866669
y: -11.6359319687
z: 0.0, x: 25.7678527832
y: -9.6342048645
z: 0.0, x: 2.31541132927
y: 2.93708539009
z: 0.0, x: 1.83103895187
y: 3.20365357399
z: 0.0, x: 3.66968798637
y: -9.55986309052
z: 0.0, x: 4.67897605896
y: -9.70052051544
z: 0.0, x: 21.0507583618
y: -9.70453262329
z: 0.0, x: 9.75591564178
y: 3.74494504929
z: 0.0, x: 10.9465227127
y: -9.85629367828
z: 0.0, x: 7.29296159744
y: -9.50437259674
z: 0.0, x: 10.1662216187
y: 9.15370750427
z: 0.0, x: 10.0712060928
y: 9.81093406677
z: 0.0, x: 1.25493216515
y: 3.10606575012
z: 0.0, x: 9.65511322021
y: 1.35693776608
z: 0.0, x: 9.65671920776
y: 0.802411496639
z: 0.0, x: 5.65738105774
y: -9.70087242126
z: 0.0, x: 5.43346881866
y: -9.70215511322
z: 0.0, x: 2.03488826752
y: 2.93327951431
z: 0.0, x: 1.97593426704
y: 2.98531126976
z: 0.0, x: 9.40456390381
y: 12.9442720413
z: 0.0, x: 9.450507164
y: 4.71184921265
z: 0.0, x: 1.4423583746
y: 2.99031805992
z: 0.0, x: 14.1746587753
y: -17.8199882507
z: 0.0, x: 6.77156162262
y: -9.7611656189
z: 0.0, x: 3.84826254845
y: -9.76938438416
z: 0.0, x: 9.30187416077
y: 12.1224384308
z: 0.0, x: 1.49144792557
y: 2.86504507065
z: 0.0, x: 6.98288869858
y: -9.61112213135
z: 0.0, x: 1.43229484558
y: 2.87273931503
z: 0.0, x: 13.0112409592
y: 11.6129760742
z: 0.0, x: 9.1576385498
y: -0.640364468098
z: 0.0, x: 9.15024185181
y: 13.6943035126
z: 0.0, x: 20.166633606
y: -9.72722911835
z: 0.0, x: 10.1571617126
y: -9.8946685791
z: 0.0, x: 9.16027069092
y: 12.3793954849
z: 0.0, x: 9.08036613464
y: 1.47883152962
z: 0.0, x: 8.99621009827
y: -0.985245227814
z: 0.0, x: 9.00146579742
y: 2.45408129692
z: 0.0, x: 12.8012647629
y: -9.91179847717
z: 0.0, x: 4.74414253235
y: -9.83562469482
z: 0.0, x: 26.3549747467
y: -10.1167268753
z: 0.0, x: 8.97219467163
y: 4.2315621376
z: 0.0, x: 5.85941886902
y: -9.84879779816
z: 0.0, x: 8.85342121124
y: 1.56109702587
z: 0.0, x: 5.0005941391
y: -9.92099571228
z: 0.0, x: 3.3333272934
y: -9.81966495514
z: 0.0, x: 3.77003121376
y: -9.82126617432
z: 0.0, x: 24.8246440887
y: -10.2827043533
z: 0.0, x: 13.2331342697
y: -10.1541404724
z: 0.0, x: 8.77764320374
y: 1.58725643158
z: 0.0, x: 12.9973726273
y: -16.7863388062
z: 0.0, x: 5.5947136879
y: -9.99007892609
z: 0.0, x: 4.05532693863
y: -9.91253852844
z: 0.0, x: 19.1389446259
y: -10.4999847412
z: 0.0, x: 5.31911325455
y: -10.0037956238
z: 0.0, x: 0.964702010155
y: 2.72423386574
z: 0.0, x: 8.69010066986
y: 3.42312145233
z: 0.0, x: 17.9563522339
y: -10.5770998001
z: 0.0, x: 26.2550621033
y: -11.0096607208
z: 0.0, x: 5.00228500366
y: -10.1436309814
z: 0.0, x: 8.45769309998
y: 0.739952206612
z: 0.0, x: 12.8255748749
y: 11.0512228012
z: 0.0, x: 8.62464904785
y: 5.3892788887
z: 0.0, x: 8.54863548279
y: 3.45387291908
z: 0.0, x: 12.1893081665
y: -10.4106521606
z: 0.0, x: 19.6264667511
y: -10.8791284561
z: 0.0, x: 8.58739471436
y: 5.90195274353
z: 0.0, x: 12.2875642776
y: 10.9670705795
z: 0.0, x: 19.278377533
y: -10.9071817398
z: 0.0, x: 11.8766489029
y: -19.1924495697
z: 0.0, x: 8.51647949219
y: 5.37349796295
z: 0.0, x: 8.52378940582
y: 6.07996034622
z: 0.0, x: 8.21953773499
y: 1.4123749733
z: 0.0, x: 8.92322540283
y: -10.3559131622
z: 0.0, x: 8.39404296875
y: 4.00375318527
z: 0.0, x: 11.4750480652
y: -19.0976886749
z: 0.0, x: 11.6342363358
y: -10.6608133316
z: 0.0, x: 8.22968864441
y: 2.2051384449
z: 0.0, x: 9.01434707642
y: 8.11655426025
z: 0.0, x: 7.82869386673
y: -2.50598454475
z: 0.0, x: 8.38794994354
y: 5.49938106537
z: 0.0, x: 8.03197479248
y: 0.879644334316
z: 0.0, x: 7.73698329926
y: -3.0867433548
z: 0.0, x: 8.70276451111
y: 10.4639368057
z: 0.0, x: 8.27166461945
y: 4.97011709213
z: 0.0, x: 4.27457380295
y: -10.3197345734
z: 0.0, x: 8.95241737366
y: 13.5256280899
z: 0.0, x: 12.2076330185
y: 29.839427948
z: 0.0, x: 8.87322807312
y: 12.6722822189
z: 0.0, x: 8.58597755432
y: 8.89103984833
z: 0.0, x: 8.25691986084
y: 5.10953760147
z: 0.0, x: 8.07472896576
y: 2.78035211563
z: 0.0, x: 8.18916034698
y: 4.7757768631
z: 0.0, x: 8.7397146225
y: 10.6021213531
z: 0.0, x: 24.2621078491
y: -12.3621616364
z: 0.0, x: 7.69179677963
y: -11.1916332245
z: 0.0, x: 11.3478145599
y: -11.1514663696
z: 0.0, x: 7.72992658615
y: -0.0337283797562
z: 0.0, x: 12.0676431656
y: 10.3067407608
z: 0.0, x: 20.4366855621
y: -12.1585502625
z: 0.0, x: 13.7740736008
y: 10.099568367
z: 0.0, x: 20.4005813599
y: -12.2579050064
z: 0.0, x: 7.19212770462
y: -2.83305430412
z: 0.0, x: 3.88379955292
y: -10.3876953125
z: 0.0, x: 9.15499973297
y: 15.8569250107
z: 0.0, x: 8.51252555847
y: 8.89230060577
z: 0.0, x: 7.21032428741
y: -2.13579535484
z: 0.0, x: 8.59991073608
y: 10.158624649
z: 0.0, x: 7.31891441345
y: -0.866250634193
z: 0.0, x: 16.0286140442
y: -12.0784273148
z: 0.0, x: 12.476439476
y: -11.8396987915
z: 0.0, x: 8.78368186951
y: 11.0426006317
z: 0.0, x: 21.70860672
y: -12.915263176
z: 0.0, x: 8.97673892975
y: 13.1841058731
z: 0.0, x: 8.78355789185
y: 8.19080066681
z: 0.0, x: 10.5864982605
y: -11.5531358719
z: 0.0, x: 18.1719818115
y: -12.4892568588
z: 0.0, x: 7.47710180283
y: 2.03849196434
z: 0.0, x: 6.80584335327
y: -2.85392689705
z: 0.0, x: 6.89391374588
y: -2.04207038879
z: 0.0, x: 7.19039344788
y: 0.755740821362
z: 0.0, x: 6.70254993439
y: -11.0454616547
z: 0.0, x: 7.01321077347
y: -0.613576412201
z: 0.0, x: 8.66235733032
y: 11.087310791
z: 0.0, x: 13.5160083771
y: 9.46401119232
z: 0.0, x: 7.574426651
y: 3.90108585358
z: 0.0, x: 6.76315927505
y: -1.84384894371
z: 0.0, x: 8.75878143311
y: 11.0112962723
z: 0.0, x: 13.4629478455
y: -12.7758607864
z: 0.0, x: 6.5308637619
y: -2.37703990936
z: 0.0, x: 6.99499130249
y: 0.458475977182
z: 0.0, x: 6.14834880829
y: -3.84191465378
z: 0.0, x: 8.49769973755
y: 9.11266708374
z: 0.0, x: 6.27475404739
y: -3.40691351891
z: 0.0, x: 6.31159496307
y: -2.90968513489
z: 0.0, x: 18.9549446106
y: -14.0259218216
z: 0.0, x: 6.8889503479
y: 0.120247073472
z: 0.0, x: 8.26521396637
y: 7.98162460327
z: 0.0, x: 17.1808567047
y: -13.7890939713
z: 0.0, x: 7.00996541977
y: 1.45807492733
z: 0.0, x: 7.58950185776
y: 4.29393339157
z: 0.0, x: 5.85354614258
y: -3.91121435165
z: 0.0, x: 9.11344623566
y: 11.3551187515
z: 0.0, x: 5.80064916611
y: -3.62464785576
z: 0.0, x: 13.2211332321
y: 8.50411891937
z: 0.0, x: 10.5442113876
y: 16.2366638184
z: 0.0, x: 6.44044542313
y: -1.07776093483
z: 0.0, x: 10.5124998093
y: 15.2957811356
z: 0.0, x: 6.19614362717
y: -1.71834266186
z: 0.0, x: 5.27038574219
y: -4.42237854004
z: 0.0, x: 8.52595996857
y: -13.0042495728
z: 0.0, x: 7.43723058701
y: 3.0806016922
z: 0.0, x: 10.3975019455
y: -14.0514173508
z: 0.0, x: 9.6775560379
y: 10.3779087067
z: 0.0, x: 4.96176338196
y: -12.4367609024
z: 0.0, x: 6.0547337532
y: -1.2869733572
z: 0.0, x: 6.81316375732
y: -13.2285747528
z: 0.0, x: 9.35619354248
y: 8.42435455322
z: 0.0, x: 6.28612327576
y: -0.744011759758
z: 0.0, x: 6.98290205002
y: 1.16853702068
z: 0.0, x: 6.96320295334
y: 1.10286307335
z: 0.0, x: 6.08981275558
y: -1.40594410896
z: 0.0, x: 6.18943786621
y: -1.17510139942
z: 0.0, x: 4.35077524185
y: -5.27791213989
z: 0.0, x: 6.32899188995
y: -0.805149435997
z: 0.0, x: 9.45785713196
y: 5.29665470123
z: 0.0, x: 6.2941827774
y: -0.912613093853
z: 0.0, x: 7.70808792114
y: 2.06537604332
z: 0.0, x: 9.45899868011
y: 5.51632499695
z: 0.0, x: 19.1423854828
y: 24.281999588
z: 0.0, x: 13.4915971756
y: 13.4915971756
z: 0.0, x: 18.2482051849
y: 23.3566379547
z: 0.0, x: 6.96761131287
y: 0.182453334332
z: 0.0, x: 13.0497741699
y: 5.20633220673
z: 0.0, x: 13.1748056412
y: 25.8570098877
z: 0.0, x: 6.12923574448
y: -16.1778373718
z: 0.0, x: 9.64842987061
y: 3.80061769485
z: 0.0, x: 4.63746404648
y: -3.8228302002
z: 0.0, x: 3.46558213234
y: -5.43987464905
z: 0.0, x: 8.10649585724
y: 1.68615365028
z: 0.0, x: 13.4084796906
y: 4.16344356537
z: 0.0, x: 7.02582836151
y: -17.8361053467
z: 0.0, x: 10.8913516998
y: 5.43022727966
z: 0.0, x: 13.4187288284
y: 8.71422481537
z: 0.0, x: 10.1588850021
y: 3.95057439804
z: 0.0, x: 6.79603147507
y: -0.77430999279
z: 0.0, x: 12.8431415558
y: 7.19250535965
z: 0.0, x: 3.9612531662
y: -4.39941740036
z: 0.0, x: 6.57259321213
y: -1.24784576893
z: 0.0, x: 10.6887292862
y: 15.1242017746
z: 0.0, x: 2.39325284958
y: -6.07562685013
z: 0.0, x: 3.17263436317
y: -5.28015041351
z: 0.0, x: 15.1383199692
y: 0.594786226749
z: 0.0, x: 7.42565584183
y: -0.715009331703
z: 0.0, x: 24.0282402039
y: 19.284702301
z: 0.0, x: 2.06248044968
y: -6.164103508
z: 0.0, x: 10.4470806122
y: 1.23649346828
z: 0.0, x: 6.7264623642
y: -1.70830392838
z: 0.0, x: 20.0851078033
y: 19.5660438538
z: 0.0, x: 55.9139785767
y: 27.271068573
z: 0.0, x: 5.75228214264
y: -2.80557537079
z: 0.0, x: 2.41583251953
y: -5.62300205231
z: 0.0, x: 14.506942749
y: 4.29715251923
z: 0.0, x: 14.1695966721
y: -0.928724467754
z: 0.0, x: 5.62852144241
y: -2.96130847931
z: 0.0, x: 39.5145874023
y: 34.0479507446
z: 0.0, x: 1.97046208382
y: -5.88909006119
z: 0.0, x: 1.94891941547
y: 3.18034791946
z: 0.0, x: 1.97129976749
y: 3.15473890305
z: 0.0, x: 1.90045428276
y: -5.84899759293
z: 0.0, x: 0.844789803028
y: 2.32104086876
z: 0.0, x: 13.9160518646
y: -2.39121508598
z: 0.0, x: 2.74154496193
y: 3.41589403152
z: 0.0, x: 2.93263936043
y: -5.13105487823
z: 0.0, x: 5.72121572495
y: -3.50596523285
z: 0.0, x: 27.1700210571
y: 10.0235490799
z: 0.0, x: 16.9319515228
y: 2.53049707413
z: 0.0, x: 6.23352718353
y: -3.41983032227
z: 0.0, x: 5.58757591248
y: -3.84023427963
z: 0.0, x: 5.06452798843
y: -4.13789272308
z: 0.0, x: 2.23977684975
y: 2.74134993553
z: 0.0, x: 2.23518228531
y: 2.5487370491
z: 0.0, x: 1.18181657791
y: 2.08885383606
z: 0.0, x: 3.79111433029
y: -4.76608371735
z: 0.0, x: 2.44448709488
y: -5.49040842056
z: 0.0, x: 13.6952476501
y: -6.7537484169
z: 0.0, x: 1.23309648037
y: 2.01223087311
z: 0.0, x: 7.42600440979
y: 4.03199148178
z: 0.0, x: 7.57683420181
y: 3.69546890259
z: 0.0, x: 1.07303857803
y: 1.83996975422
z: 0.0, x: 7.59288644791
y: 3.66237354279
z: 0.0, x: 3.55703139305
y: -5.17551279068
z: 0.0, x: 7.68193387985
y: 3.22130227089
z: 0.0, x: 1.58125758171
y: 1.88446938992
z: 0.0, x: 3.75672531128
y: -5.21842050552
z: 0.0, x: 3.20442318916
y: 2.22298741341
z: 0.0, x: 1.05490028858
y: 1.64002609253
z: 0.0, x: 31.3216075897
y: 3.15392017365
z: 0.0, x: 11.6763725281
y: -3.73763632774
z: 0.0, x: 2.74569439888
y: -5.69241285324
z: 0.0, x: 13.2077350616
y: -3.78725719452
z: 0.0, x: 3.78925776482
y: -5.51340436935
z: 0.0, x: 9.7208442688
y: -4.63660478592
z: 0.0, x: 2.98075938225
y: -5.78750181198
z: 0.0, x: 1.90173780918
y: 1.51271057129
z: 0.0, x: 14.7465982437
y: -4.43822240829
z: 0.0, x: 37.2988128662
y: 1.95474791527
z: 0.0, x: 8.56528568268
y: -5.35218477249
z: 0.0, x: 5.56570529938
y: 1.59594023228
z: 0.0, x: 7.79034423828
y: -6.14141178131
z: 0.0, x: 1.01793789864
y: 2.45751953125
z: 0.0, x: 7.99285936356
y: 1.37342441082
z: 0.0, x: 2.24098348618
y: 1.21675479412
z: 0.0, x: 1.40186142921
y: 1.17630136013
z: 0.0, x: 1.89790439606
y: 1.15167665482
z: 0.0, x: 1.04467177391
y: 1.29006230831
z: 0.0, x: 27.4610786438
y: -1.79989421368
z: 0.0, x: 5.74370861053
y: 0.730692028999
z: 0.0, x: 5.79952001572
y: 0.686418414116
z: 0.0, x: 11.6303682327
y: -7.40936183929
z: 0.0, x: 3.72257328033
y: 0.656390070915
z: 0.0, x: 1.63845682144
y: 0.880374610424
z: 0.0, x: 1.89469468594
y: 0.83368563652
z: 0.0, x: 1.19607400894
y: 2.78393721581
z: 0.0, x: 1.61437094212
y: 0.796119630337
z: 0.0, x: 6.20936632156
y: -8.09220409393
z: 0.0, x: 1.14174747467
y: 1.2459987402
z: 0.0, x: 1.17436444759
y: 3.56137156487
z: 0.0, x: 10.9802179337
y: -9.05139255524
z: 0.0, x: 1.43999993801
y: 2.49415326118
z: 0.0, x: 1.16877102852
y: 1.27548980713
z: 0.0, x: 1.52684044838
y: 1.95426666737
z: 0.0, x: 2.51365685463
y: -7.40499353409
z: 0.0, x: 8.10384273529
y: -9.15972805023
z: 0.0]","[name: "intensities"
values: [100.0, 100.0, 100.0, 100.0, 100.0, 100.0, 100.0, 100.0, 100.0, 100.0, 100.0, 100.0, 100.0, 100.0, 100.0, 100.0, 100.0, 100.0, 100.0, 100.0, 100.0, 100.0, 100.0, 100.0, 100.0, 100.0, 100.0, 100.0, 100.0, 100.0, 100.0, 100.0, 100.0, 100.0, 100.0, 100.0, 100.0, 100.0, 100.0, 100.0, 100.0, 100.0, 100.0, 100.0, 100.0, 100.0, 100.0, 100.0, 100.0, 100.0, 100.0, 100.0, 100.0, 100.0, 100.0, 100.0, 100.0, 100.0, 100.0, 100.0, 100.0, 100.0, 100.0, 100.0, 100.0, 100.0, 100.0, 100.0, 100.0, 100.0, 100.0, 100.0, 100.0, 100.0, 100.0, 100.0, 100.0, 100.0, 100.0, 100.0, 100.0, 100.0, 100.0, 100.0, 100.0, 100.0, 100.0, 100.0, 100.0, 100.0, 100.0, 100.0, 100.0, 100.0, 100.0, 100.0, 100.0, 100.0, 100.0, 100.0, 100.0, 100.0, 100.0, 100.0, 100.0, 100.0, 100.0, 100.0, 100.0, 100.0, 100.0, 100.0, 100.0, 100.0, 100.0, 100.0, 100.0, 100.0, 100.0, 100.0, 100.0, 100.0, 100.0, 100.0, 100.0, 100.0, 100.0, 100.0, 100.0, 100.0, 100.0, 100.0, 100.0, 100.0, 100.0, 100.0, 100.0, 100.0, 100.0, 100.0, 100.0, 100.0, 100.0, 100.0, 100.0, 100.0, 100.0, 100.0, 100.0, 100.0, 100.0, 100.0, 100.0, 100.0, 100.0, 100.0, 100.0, 100.0, 100.0, 100.0, 100.0, 100.0, 100.0, 100.0, 100.0, 100.0, 100.0, 100.0, 100.0, 100.0, 100.0, 100.0, 100.0, 100.0, 100.0, 100.0, 100.0, 100.0, 100.0, 100.0, 100.0, 100.0, 100.0, 100.0, 100.0, 100.0, 100.0, 100.0, 100.0, 100.0, 100.0, 100.0, 100.0, 100.0, 100.0, 100.0, 100.0, 100.0, 100.0, 100.0, 100.0, 100.0, 100.0, 100.0, 100.0, 100.0, 100.0, 100.0, 100.0, 100.0, 100.0, 100.0, 100.0, 100.0, 100.0, 100.0, 100.0, 100.0, 100.0, 100.0, 100.0, 100.0, 100.0, 100.0, 100.0, 100.0, 100.0, 100.0, 100.0, 100.0, 100.0, 100.0, 100.0, 100.0, 100.0, 100.0, 100.0, 100.0, 100.0, 100.0, 100.0, 100.0, 100.0, 100.0, 100.0, 100.0, 100.0, 100.0, 100.0, 100.0, 100.0, 100.0, 100.0, 100.0, 100.0, 100.0, 100.0, 100.0, 100.0, 100.0, 100.0, 100.0, 100.0, 100.0, 100.0, 100.0, 100.0, 100.0, 100.0, 100.0, 100.0, 100.0, 100.0, 100.0, 100.0, 100.0, 100.0, 100.0, 100.0, 100.0, 100.0, 100.0, 100.0, 100.0, 100.0, 100.0, 100.0, 100.0, 100.0, 100.0, 100.0, 100.0, 100.0, 100.0, 100.0, 100.0, 100.0, 100.0, 100.0, 100.0, 100.0, 100.0, 100.0, 100.0, 100.0, 100.0, 100.0, 100.0, 100.0, 100.0, 100.0, 100.0, 100.0, 100.0, 100.0, 100.0, 100.0, 100.0, 100.0, 100.0, 100.0, 100.0, 100.0, 100.0, 100.0, 100.0, 100.0, 100.0, 100.0, 100.0, 100.0, 100.0, 100.0, 100.0, 100.0, 100.0, 100.0, 100.0, 100.0, 100.0, 100.0, 100.0, 100.0, 100.0, 100.0, 100.0, 100.0, 100.0, 100.0, 100.0, 100.0, 100.0, 100.0, 100.0, 100.0, 100.0, 100.0, 100.0, 100.0, 100.0, 100.0, 100.0, 100.0, 100.0, 100.0, 100.0, 100.0, 100.0, 100.0, 100.0, 100.0, 100.0, 100.0, 100.0, 100.0, 100.0, 100.0, 100.0, 100.0, 100.0, 100.0, 100.0, 100.0, 100.0, 100.0, 100.0, 100.0, 100.0, 100.0, 100.0, 100.0, 100.0, 100.0, 100.0, 100.0, 100.0, 100.0, 100.0, 100.0, 100.0, 100.0, 100.0, 100.0, 100.0, 100.0, 100.0, 100.0, 100.0, 100.0, 100.0, 100.0, 100.0, 100.0, 100.0, 100.0, 100.0, 100.0, 100.0, 100.0, 100.0, 100.0, 100.0, 100.0, 100.0, 100.0, 100.0, 100.0, 100.0, 100.0, 100.0, 100.0, 100.0, 100.0, 100.0, 100.0, 100.0, 100.0, 100.0, 100.0, 100.0, 100.0, 100.0, 100.0, 100.0, 100.0, 100.0, 100.0, 100.0, 100.0, 100.0, 100.0, 100.0, 100.0, 100.0, 100.0, 100.0, 100.0, 100.0, 100.0, 100.0, 100.0, 100.0, 100.0, 100.0, 100.0, 100.0, 100.0, 100.0, 100.0, 100.0, 100.0, 100.0, 100.0, 100.0, 100.0, 100.0, 100.0, 100.0, 100.0, 100.0, 100.0, 100.0, 100.0, 100.0, 100.0, 100.0, 100.0, 100.0, 100.0, 100.0, 100.0, 100.0, 100.0, 100.0, 100.0, 100.0, 100.0, 100.0, 100.0, 100.0]]"
